signal_id,ehtimollik
SG_000001,0.36713661600637826
SG_000007,0.31955710935042586
SG_000009,0.26918059008037365
SG_000010,0.22835313401541463
SG_000011,0.3198243538149242
SG_000018,0.3771538501402349
SG_000024,0.4042827738824559
SG_000026,0.30899618068255785
SG_000032,0.3598273023874762
SG_000033,0.4154542391686804
SG_000034,0.29321183743215634
SG_000036,0.2912820905525509
SG_000039,0.31492423604141634
SG_000048,0.2751341062292931
SG_000049,0.32581902587158507
SG_000050,0.4436106682207669
SG_000053,0.21967226665069267
SG_000054,0.3980192073084838
SG_000055,0.33212079952566853
SG_000058,0.3124321828264848
SG_000059,0.38089081102204186
SG_000061,0.39236622083
SG_000062,0.34710166872066284
SG_000072,0.3357548714819658
SG_000073,0.25780937340188176
SG_000075,0.31541250487267314
SG_000080,0.4541540695501768
SG_000081,0.339479150894777
SG_000083,0.18990552656053097
SG_000086,0.28246576249793337
SG_000087,0.44244864523063154
SG_000092,0.4064264054213638
SG_000099,0.4600706850877434
SG_000100,0.40145817466937506
SG_000105,0.27935023830982353
SG_000106,0.37602513102492174
SG_000107,0.1613124898164603
SG_000118,0.3246450513117869
SG_000120,0.33808791940691096
SG_000125,0.3195533956818446
SG_000129,0.3729317322771818
SG_000137,0.3051949311798937
SG_000146,0.3313920541182531
SG_000147,0.3950131065365152
SG_000149,0.3664902550948543
SG_000153,0.3358315571445835
SG_000161,0.26277411202978795
SG_000163,0.26049338369408165
SG_000165,0.45587032711090925
SG_000173,0.21454982268986786
SG_000178,0.29674920915568614
SG_000179,0.35293351568254994
SG_000187,0.4551261002358532
SG_000192,0.15550501244684084
SG_000193,0.3150452611351331
SG_000195,0.24211827422419052
SG_000196,0.40359625495188334
SG_000201,0.35371059067603283
SG_000203,0.33479151792951156
SG_000205,0.44762754861132314
SG_000207,0.39019939245445523
SG_000211,0.38882708477542977
SG_000214,0.3441388674754645
SG_000217,0.23372216564838477
SG_000218,0.46056665337521213
SG_000219,0.3742775032574204
SG_000227,0.31712440269347264
SG_000229,0.3235468730137495
SG_000232,0.37493275351972555
SG_000240,0.302582008868027
SG_000242,0.39550010786856943
SG_000244,0.3398724202866141
SG_000246,0.29538863141277194
SG_000250,0.3559494100483339
SG_000253,0.36459834140548586
SG_000262,0.294177728305365
SG_000269,0.314699098717174
SG_000270,0.3532716542591701
SG_000271,0.4040546698317636
SG_000284,0.42085540797382803
SG_000286,0.3910723835732124
SG_000287,0.3282137918714464
SG_000290,0.4657211703093938
SG_000291,0.3171757603904949
SG_000301,0.3668994834011503
SG_000302,0.3684188427820847
SG_000304,0.32656629600260995
SG_000306,0.40878723362222535
SG_000309,0.3044448009023134
SG_000314,0.37492847003068736
SG_000319,0.37503392921357515
SG_000320,0.3306593279446348
SG_000321,0.3704921867628434
SG_000325,0.39878822412069465
SG_000328,0.2927823592462828
SG_000329,0.3606594784074685
SG_000333,0.4070969323250988
SG_000334,0.3433104143832564
SG_000335,0.35153023954009854
SG_000339,0.18804654664696624
SG_000341,0.2894202104364014
SG_000345,0.3529129816372433
SG_000347,0.375042411243598
SG_000349,0.38774766201258737
SG_000350,0.2737363353120511
SG_000351,0.2585960425257268
SG_000357,0.312191780363263
SG_000360,0.3853831190223469
SG_000366,0.4809178754993597
SG_000368,0.3834024130074323
SG_000370,0.3600510101804171
SG_000378,0.2802046353209795
SG_000386,0.3237717151673404
SG_000394,0.2996563603429938
SG_000395,0.29389585878156776
SG_000397,0.42551245528410925
SG_000398,0.35461135499115504
SG_000401,0.37813513858606707
SG_000402,0.3581077018067208
SG_000414,0.4233903078972631
SG_000415,0.4004871201221361
SG_000419,0.41874251485649455
SG_000420,0.4054945229362278
SG_000422,0.35264234726939986
SG_000425,0.36154447136428386
SG_000430,0.28105301319772524
SG_000431,0.17651748564454012
SG_000435,0.18700648104389217
SG_000436,0.24863542526160198
SG_000440,0.29828844713748665
SG_000444,0.3107194507409005
SG_000450,0.3435952304354448
SG_000452,0.34097261253797356
SG_000454,0.3557865400583867
SG_000460,0.37892912938380235
SG_000462,0.32999998242379674
SG_000471,0.3467796653063696
SG_000474,0.3945603387661121
SG_000475,0.3500814960048666
SG_000476,0.36273191887349515
SG_000480,0.3211209880910263
SG_000482,0.4294890500340046
SG_000484,0.37147124348599286
SG_000487,0.3912511023573614
SG_000488,0.4024382266699986
SG_000494,0.34191012489883066
SG_000496,0.30512609463815843
SG_000497,0.26258487578961337
SG_000498,0.27935006584839245
SG_000501,0.3388009606065854
SG_000506,0.31865690256247314
SG_000511,0.29706983990302555
SG_000513,0.23000215469921315
SG_000524,0.3485125731150461
SG_000526,0.3807821221811478
SG_000527,0.23668330043588012
SG_000530,0.34569379449481374
SG_000535,0.31175708540320735
SG_000536,0.3462515595969913
SG_000551,0.38217522365467727
SG_000561,0.4214029175196894
SG_000563,0.4018318970342234
SG_000567,0.41940029495648556
SG_000572,0.4193193172015823
SG_000580,0.2809988208319657
SG_000583,0.3828171769065187
SG_000585,0.4447665680897869
SG_000588,0.356617468938119
SG_000591,0.40014152983866724
SG_000593,0.3216902466665401
SG_000594,0.39585593025200816
SG_000598,0.27396454793574926
SG_000603,0.34012604692468706
SG_000610,0.32616455838689207
SG_000614,0.3710003529417275
SG_000615,0.35096836958019595
SG_000616,0.30070058982706455
SG_000617,0.33923748292692013
SG_000619,0.30996084745469366
SG_000621,0.4164374930381719
SG_000629,0.4087457609139641
SG_000633,0.37643706154058426
SG_000634,0.241824233199094
SG_000638,0.3731468079699892
SG_000640,0.324668425023766
SG_000643,0.3722022653567359
SG_000646,0.4129886977237973
SG_000648,0.27068356587684833
SG_000657,0.38338509952407396
SG_000662,0.257294536288656
SG_000665,0.2994856989365682
SG_000666,0.38234050285207294
SG_000672,0.2807434129844367
SG_000674,0.36016730320392526
SG_000677,0.3056751955547679
SG_000678,0.40061495039418016
SG_000679,0.29866251615905604
SG_000691,0.3175668526128067
SG_000692,0.3138829265904952
SG_000693,0.3288052580499974
SG_000695,0.3765437504052781
SG_000696,0.34090048771485465
SG_000698,0.19742770428363224
SG_000706,0.3225073516133561
SG_000709,0.3355807303922495
SG_000713,0.351632602375164
SG_000716,0.33361677886361085
SG_000717,0.17920041829451366
SG_000719,0.35430970839999454
SG_000722,0.4435176462321062
SG_000727,0.26877015975030716
SG_000734,0.41778069460717165
SG_000737,0.2951734633970781
SG_000739,0.3645258398733764
SG_000742,0.40631179548822277
SG_000743,0.31516980698680314
SG_000750,0.3281896223243284
SG_000751,0.3938917704922981
SG_000759,0.44516975282213417
SG_000762,0.3993704329707095
SG_000764,0.3183456884784287
SG_000768,0.2584663883586759
SG_000769,0.36319632572429694
SG_000770,0.3566090463530574
SG_000788,0.4621896057330386
SG_000790,0.2524903967371117
SG_000797,0.3506207278616183
SG_000798,0.3312276679002132
SG_000799,0.33086383593659485
SG_000802,0.3985183308041613
SG_000803,0.4034655773410913
SG_000809,0.3590178789089752
SG_000811,0.2987625120072531
SG_000812,0.30140615535540866
SG_000816,0.48480717510852955
SG_000817,0.3349075253295951
SG_000820,0.31229680973799023
SG_000821,0.24238523421607033
SG_000826,0.3187392469735382
SG_000840,0.40520838114086993
SG_000849,0.42830747370741956
SG_000851,0.313950328318794
SG_000856,0.3115630662842187
SG_000857,0.34008461908879273
SG_000864,0.27315543200614156
SG_000865,0.24232705071848662
SG_000875,0.3598345808940776
SG_000883,0.32978525487633226
SG_000888,0.33629361086215415
SG_000889,0.37835766203839516
SG_000890,0.27132405689674216
SG_000891,0.2953078511120131
SG_000903,0.3384267585643884
SG_000907,0.3176872925023135
SG_000909,0.21365440417373532
SG_000910,0.3383989576742906
SG_000911,0.40244331166869485
SG_000912,0.30830383414039886
SG_000913,0.3220413438150934
SG_000917,0.32599721801378306
SG_000920,0.4043490115902763
SG_000928,0.23159933779644032
SG_000934,0.26214254798533093
SG_000935,0.3582539623376132
SG_000938,0.3865119660388574
SG_000940,0.34143890668182
SG_000943,0.40462782417434673
SG_000945,0.29565847398563416
SG_000946,0.2757602667277597
SG_000948,0.33168467332959056
SG_000950,0.32099355715638556
SG_000954,0.32204167308233567
SG_000959,0.4436197149495821
SG_000963,0.33803589107119586
SG_000965,0.31013126482258413
SG_000968,0.37522722142479015
SG_000970,0.3615125832022037
SG_000973,0.3057668723780136
SG_000975,0.22991151479082694
SG_000977,0.2221433076718061
SG_000980,0.3949302196392567
SG_000981,0.4165504400673309
SG_000985,0.3522240420269084
SG_000987,0.33866866187873723
SG_000988,0.28782541305853665
SG_000990,0.3517057942061722
SG_000991,0.39856267394371797
SG_001002,0.35180172560892237
SG_001004,0.32723778712790885
SG_001009,0.4053915473328898
SG_001010,0.3452189216979607
SG_001014,0.36441843718247424
SG_001023,0.37532211328389486
SG_001027,0.18630034049531755
SG_001028,0.41657447779869533
SG_001030,0.28457666457217723
SG_001031,0.39614044058561315
SG_001032,0.2616688736780575
SG_001042,0.3608365446013305
SG_001048,0.34854584651360304
SG_001049,0.2862416507756489
SG_001052,0.3274172978837906
SG_001058,0.2586880201848729
SG_001060,0.290329309007628
SG_001066,0.3941474602331212
SG_001067,0.3884333430599153
SG_001070,0.36357849990688607
SG_001071,0.2824377541385679
SG_001075,0.21146145971603972
SG_001076,0.3543461547996255
SG_001078,0.3043202623632248
SG_001081,0.3859630144392011
SG_001085,0.25463726623549643
SG_001086,0.3177014079378451
SG_001100,0.3764582838183567
SG_001101,0.16792242092945175
SG_001102,0.4440450444562234
SG_001106,0.29074735702838983
SG_001107,0.3012894177810845
SG_001108,0.3662982951269619
SG_001109,0.26880635984519907
SG_001111,0.4444884103610885
SG_001117,0.4082604104837513
SG_001121,0.38384218670516634
SG_001123,0.35719747941728985
SG_001125,0.3847836207219908
SG_001126,0.4730595163975293
SG_001128,0.2998583821870804
SG_001133,0.2472714144082485
SG_001135,0.3752692068431824
SG_001143,0.5360196528711768
SG_001153,0.23163611437134185
SG_001155,0.42812993409822675
SG_001157,0.3368207564540041
SG_001159,0.3235157373715383
SG_001161,0.40801240618047036
SG_001163,0.25394885622548186
SG_001167,0.46153733293496113
SG_001180,0.2860879252103801
SG_001181,0.3262354969354287
SG_001182,0.3291161503885701
SG_001184,0.2928231195179095
SG_001188,0.3431319789695446
SG_001190,0.34301791424650435
SG_001192,0.42956939946902967
SG_001196,0.46942229290908466
SG_001201,0.40175542268303954
SG_001202,0.1293810064636619
SG_001203,0.34654053820179287
SG_001205,0.20061400428074277
SG_001208,0.3629042122194124
SG_001210,0.39901177413331934
SG_001211,0.39576587464479307
SG_001213,0.3341464888385579
SG_001215,0.3412019905761255
SG_001217,0.3880485627090477
SG_001225,0.4130962245289428
SG_001226,0.30030799973670685
SG_001229,0.41602530771064994
SG_001230,0.3606141267128691
SG_001236,0.397175980312519
SG_001237,0.2139189475970986
SG_001243,0.2943381433838659
SG_001245,0.30140798025753074
SG_001248,0.29453010670338586
SG_001252,0.28145288104672767
SG_001255,0.4869071191226852
SG_001257,0.3680466599501694
SG_001262,0.33180274062265114
SG_001264,0.37145582941653976
SG_001267,0.2946666439949224
SG_001279,0.1684845980395147
SG_001285,0.32934215072667794
SG_001287,0.28359890373034424
SG_001293,0.387889690166929
SG_001296,0.4307726424697375
SG_001298,0.3410154394144611
SG_001303,0.2829078484102652
SG_001305,0.2578710381141777
SG_001306,0.33343086552992973
SG_001309,0.3784585478380086
SG_001312,0.2619669870341663
SG_001313,0.2726969480987623
SG_001314,0.27326421804903817
SG_001316,0.30689643052945575
SG_001318,0.27997231837083625
SG_001319,0.27352883035543785
SG_001321,0.44830334209152595
SG_001322,0.30621865864412673
SG_001327,0.22531974382305153
SG_001331,0.3123446620282417
SG_001335,0.3311443274963974
SG_001336,0.29568224823806655
SG_001349,0.4021394590998189
SG_001350,0.39101604287239
SG_001352,0.3852823514774816
SG_001354,0.29898964814229667
SG_001361,0.3375693233460735
SG_001362,0.4483021115765832
SG_001364,0.32781757621170693
SG_001374,0.41216128301829025
SG_001389,0.3307837981622399
SG_001390,0.19111248280044157
SG_001395,0.40842186731768937
SG_001397,0.3778645302030686
SG_001401,0.3695072576091114
SG_001402,0.3930657612488314
SG_001405,0.3028568506610047
SG_001412,0.40647681762704346
SG_001415,0.28401168441771163
SG_001419,0.24638597192838269
SG_001421,0.3537228198003355
SG_001423,0.33913174819078395
SG_001432,0.3872544918866629
SG_001433,0.22801428343307564
SG_001441,0.3982201750589356
SG_001446,0.3229975798664089
SG_001447,0.3770686701239737
SG_001448,0.25040773959699114
SG_001453,0.24366606554159476
SG_001458,0.3504504137810941
SG_001465,0.30676494281655964
SG_001469,0.32807951170564575
SG_001470,0.35068573614119525
SG_001472,0.3519976686280478
SG_001476,0.3557605503242935
SG_001478,0.29080656241376435
SG_001480,0.46020932572688544
SG_001484,0.260738822088728
SG_001487,0.4322584112878789
SG_001493,0.29796298104727637
SG_001494,0.43884102588404705
SG_001500,0.36888737338534683
SG_001505,0.3701296055422598
SG_001506,0.39325728399201254
SG_001510,0.3338121336264821
SG_001514,0.4012715920797693
SG_001520,0.3214562522502714
SG_001525,0.3474987605599083
SG_001527,0.32772627437364127
SG_001528,0.32734234829084197
SG_001529,0.31552222718621825
SG_001531,0.39208727899877505
SG_001541,0.4669365570174212
SG_001542,0.3686113415330703
SG_001543,0.424867412470625
SG_001545,0.25462660645798996
SG_001549,0.40669884246736765
SG_001557,0.38028641397609886
SG_001558,0.46611152765089064
SG_001561,0.4230119285975159
SG_001562,0.20450574365690882
SG_001563,0.3788530660920554
SG_001567,0.31228994673409366
SG_001568,0.3560842699528432
SG_001569,0.3452077505351814
SG_001570,0.30119566854299046
SG_001571,0.3392699489241967
SG_001572,0.3868007422534505
SG_001573,0.2916089832323084
SG_001576,0.4220334462421455
SG_001584,0.39886645469909554
SG_001590,0.38250905026030946
SG_001591,0.29648060299232126
SG_001592,0.23552828555130462
SG_001595,0.28672129959987047
SG_001601,0.3575669805074442
SG_001604,0.36108779778295896
SG_001609,0.3903057576291875
SG_001610,0.33858142232852434
SG_001612,0.35510930793275164
SG_001613,0.37301782281066254
SG_001615,0.3523350566752568
SG_001623,0.35774744235915684
SG_001624,0.33351720467205676
SG_001631,0.3676775858020065
SG_001634,0.38532603498551254
SG_001636,0.397637119435153
SG_001638,0.436603195651302
SG_001647,0.3392589460899274
SG_001650,0.35824642234349025
SG_001653,0.40481976279112836
SG_001654,0.36692102949357464
SG_001658,0.40431686901322794
SG_001663,0.2994710212382016
SG_001667,0.24054087675392624
SG_001668,0.3393568182829918
SG_001670,0.1917547225001673
SG_001683,0.2932659679684012
SG_001686,0.37905774804024306
SG_001688,0.40432587924798613
SG_001689,0.26920501737821434
SG_001698,0.43394801077276124
SG_001704,0.36191162198873805
SG_001711,0.41162940188172004
SG_001719,0.3120949280348784
SG_001720,0.22234924340232914
SG_001723,0.4253802385153507
SG_001726,0.3627376796962942
SG_001728,0.25714887811649795
SG_001731,0.28204184529126386
SG_001733,0.39141798812053574
SG_001734,0.3699154184233634
SG_001735,0.3329649630890497
SG_001737,0.3513251136342119
SG_001738,0.3787792635697086
SG_001739,0.30280256120844173
SG_001740,0.36237397633033164
SG_001744,0.3784666940593582
SG_001745,0.34606475047033136
SG_001750,0.2736606274842598
SG_001751,0.27886256052553293
SG_001761,0.3354642926181961
SG_001767,0.31826496792364894
SG_001768,0.3765994914032982
SG_001769,0.3139700359009482
SG_001776,0.4814095773185175
SG_001786,0.2541874627875763
SG_001788,0.3994814300952364
SG_001789,0.3466667720408723
SG_001790,0.26351784905604125
SG_001791,0.3812742761446934
SG_001792,0.3856513521605412
SG_001793,0.29259991467078983
SG_001796,0.32028613930500544
SG_001797,0.18239418537043364
SG_001803,0.2884575963452961
SG_001804,0.2796570680998701
SG_001806,0.2737633015620222
SG_001811,0.3004853021330303
SG_001815,0.40700648357934277
SG_001819,0.3474247365962252
SG_001824,0.3588580021788854
SG_001825,0.44172588534806345
SG_001827,0.3982095403329122
SG_001830,0.27164073667891686
SG_001831,0.33584755326869176
SG_001833,0.36135010369525705
SG_001836,0.2897950276485989
SG_001844,0.38937552493737787
SG_001846,0.2872733471363047
SG_001847,0.32309474250157355
SG_001848,0.4522655584198086
SG_001849,0.3361316293554294
SG_001851,0.2315828230691774
SG_001858,0.385621722846352
SG_001860,0.23842877144625674
SG_001862,0.3281061086140573
SG_001864,0.23690408293066934
SG_001865,0.3437927538148298
SG_001867,0.3610192441803648
SG_001872,0.29408649681968485
SG_001876,0.3066999620291259
SG_001877,0.4440373923886487
SG_001883,0.3886090959364591
SG_001884,0.38508466266402047
SG_001885,0.34173963143303404
SG_001886,0.2879910608073156
SG_001888,0.3824994397342567
SG_001890,0.31269491453492854
SG_001892,0.2928083005191004
SG_001893,0.4308567062756369
SG_001894,0.28770922840674085
SG_001895,0.4600728491569257
SG_001897,0.3927265122656528
SG_001901,0.3581633385757101
SG_001903,0.38219625738930496
SG_001904,0.23736003546602008
SG_001906,0.38380518894788496
SG_001909,0.39666145243134976
SG_001912,0.400548396000908
SG_001914,0.2829233166700992
SG_001915,0.35197421862439743
SG_001919,0.42739339841501967
SG_001924,0.2606446055499255
SG_001925,0.30512117324297583
SG_001928,0.3648328495130465
SG_001930,0.3746784937814799
SG_001932,0.27233805926480953
SG_001933,0.3394385529356838
SG_001934,0.2619919713881026
SG_001936,0.2561981379418874
SG_001947,0.33281663241303383
SG_001953,0.3652012691227822
SG_001954,0.17234727162920555
SG_001955,0.4099844414574695
SG_001963,0.3626419390010552
SG_001971,0.3788027179582739
SG_001975,0.3284923696914185
SG_001976,0.2983592110807889
SG_001977,0.33185452448942643
SG_001980,0.31163667505192344
SG_001981,0.23640724106766553
SG_001982,0.31035933678426497
SG_001990,0.35055602271847486
SG_001999,0.3184823352505033
SG_002000,0.3144912396133792
SG_002002,0.3922422102518414
SG_002004,0.2773717201793243
SG_002008,0.426128904887373
SG_002009,0.3079677392817386
SG_002016,0.34334986339998874
SG_002021,0.374251415335547
SG_002024,0.3298797562425252
SG_002027,0.3661072907590879
SG_002037,0.3494426204441331
SG_002038,0.33010820690945997
SG_002039,0.41061551008484287
SG_002044,0.3864014232754396
SG_002045,0.28230364559902177
SG_002048,0.20336395070170915
SG_002050,0.4562889286100167
SG_002052,0.38579061476132087
SG_002063,0.3367736998645572
SG_002067,0.43773776167408135
SG_002068,0.3132595782811775
SG_002069,0.2719089195763424
SG_002074,0.27862041408315863
SG_002075,0.33526386813842474
SG_002078,0.1827838375483302
SG_002081,0.31066745885645874
SG_002090,0.3768836593600306
SG_002097,0.43793786839365734
SG_002103,0.38522756530889846
SG_002105,0.4302384323312867
SG_002110,0.3578337859164192
SG_002122,0.3432184625447275
SG_002123,0.33416451706317024
SG_002125,0.4111781894557697
SG_002129,0.4045050124765506
SG_002131,0.45514473095464475
SG_002137,0.25597006049643245
SG_002142,0.32731369026933765
SG_002150,0.32953205021949694
SG_002151,0.3181294212445413
SG_002152,0.3837237334336094
SG_002166,0.29668142203476117
SG_002171,0.24869060814545257
SG_002172,0.34981514346571774
SG_002176,0.3472547268211069
SG_002177,0.4532846004833724
SG_002181,0.39078989916992807
SG_002184,0.3328409779995731
SG_002185,0.4334213420208066
SG_002186,0.3165942583185413
SG_002191,0.33834010154734695
SG_002192,0.3406747975240487
SG_002194,0.3891097173965474
SG_002200,0.23175774766486934
SG_002209,0.4273124306326541
SG_002213,0.3076782939614619
SG_002220,0.2947072351092397
SG_002223,0.35625556689711846
SG_002227,0.28463260426301396
SG_002228,0.26795885847536427
SG_002233,0.35363939214769546
SG_002241,0.4052972021588285
SG_002248,0.4491743728476028
SG_002251,0.36973861616721215
SG_002252,0.28478445490039417
SG_002254,0.431510064528687
SG_002255,0.3310150019271885
SG_002260,0.3786390673446408
SG_002262,0.301801684972872
SG_002263,0.33907365200733675
SG_002266,0.26733998966898453
SG_002270,0.31416488295602635
SG_002277,0.3854049074599515
SG_002278,0.2395055838606455
SG_002280,0.30630609600280184
SG_002281,0.267911537856048
SG_002283,0.31615340545687703
SG_002284,0.40214200313583714
SG_002286,0.3601865654455097
SG_002288,0.2539113772320087
SG_002291,0.3509562909007284
SG_002292,0.344345172095872
SG_002294,0.32888060885669224
SG_002296,0.33785513814733203
SG_002298,0.3181768547107422
SG_002301,0.29808537745725766
SG_002304,0.40082404312773584
SG_002311,0.3109262565330509
SG_002319,0.45571713545802855
SG_002320,0.34450731098082016
SG_002322,0.33859568025145803
SG_002324,0.356424412926611
SG_002328,0.40879264661565945
SG_002332,0.291012694099454
SG_002341,0.45758001325768316
SG_002346,0.2856621684556292
SG_002347,0.3814952080605105
SG_002352,0.3406643946145723
SG_002357,0.39293670679415893
SG_002361,0.3045715457533465
SG_002370,0.2805216481045787
SG_002371,0.37144958004880113
SG_002372,0.2709712801790574
SG_002373,0.36060257513258126
SG_002374,0.34681072045624983
SG_002375,0.38982637004061227
SG_002381,0.29007532182210266
SG_002385,0.23631175689379486
SG_002387,0.3695796678454237
SG_002390,0.3278699871566175
SG_002391,0.20254727068444023
SG_002392,0.15655475785641068
SG_002394,0.3621307813807489
SG_002396,0.2764092941913184
SG_002401,0.3089308471796489
SG_002402,0.332942366937933
SG_002404,0.3568256252735342
SG_002407,0.27473980435481876
SG_002410,0.289630228010031
SG_002419,0.3959793863524083
SG_002421,0.3839836975278331
SG_002422,0.3531757063028415
SG_002423,0.39640325869018456
SG_002429,0.379924061848792
SG_002430,0.31829689166456365
SG_002434,0.34665764501876384
SG_002437,0.38666534803266583
SG_002442,0.19935860696026864
SG_002444,0.20889022686553055
SG_002447,0.3252394401677202
SG_002448,0.3328404713405128
SG_002450,0.33571405348924555
SG_002453,0.2643148540093825
SG_002454,0.37606706552315355
SG_002455,0.3829685461155966
SG_002456,0.3128343800195589
SG_002458,0.3810371730198345
SG_002459,0.3289740093047601
SG_002460,0.42080422919488836
SG_002462,0.2839282426394621
SG_002464,0.373075154769415
SG_002466,0.43166201376933444
SG_002475,0.41172770340623877
SG_002477,0.38836727672662696
SG_002479,0.36775620539806286
SG_002482,0.3625928253253938
SG_002483,0.43299309873569314
SG_002486,0.2943845494290575
SG_002490,0.43102144888706273
SG_002493,0.2587469369020527
SG_002495,0.415143257376104
SG_002498,0.2789505937014741
SG_002500,0.4035402163556449
SG_002502,0.30006706905255714
SG_002507,0.32707523873182964
SG_002509,0.3307737858838235
SG_002517,0.34347519446228725
SG_002520,0.33077318919220394
SG_002522,0.33122043698835335
SG_002526,0.32720556848246407
SG_002529,0.2902562496921552
SG_002532,0.2740994607925445
SG_002539,0.23680048271951132
SG_002541,0.25397916394259973
SG_002544,0.281267891763581
SG_002545,0.3634000578497357
SG_002546,0.3750070163941379
SG_002548,0.4078385153582552
SG_002555,0.41278482507413905
SG_002559,0.36516476451445234
SG_002568,0.28439834276018355
SG_002572,0.4555048669040481
SG_002573,0.2472706264198553
SG_002577,0.36158307649084676
SG_002580,0.4156012668547577
SG_002583,0.3560403332071501
SG_002586,0.34917766154049745
SG_002587,0.4151927305757991
SG_002588,0.33540448817555274
SG_002594,0.33336226512798783
SG_002596,0.18154555701119335
SG_002597,0.18483650997232015
SG_002599,0.3603411413240609
SG_002600,0.3965669401188141
SG_002601,0.1862616112917665
SG_002605,0.3234546788306708
SG_002613,0.282368273356013
SG_002615,0.34747999042844824
SG_002618,0.3730345282216194
SG_002622,0.29525585282670747
SG_002627,0.38855552215024924
SG_002628,0.33489468702052594
SG_002630,0.1904225236967731
SG_002633,0.39402596475021
SG_002638,0.19053969768163737
SG_002649,0.31617575553083516
SG_002650,0.2875377406905814
SG_002652,0.29891931476054334
SG_002653,0.2993754558849486
SG_002654,0.41757581217830464
SG_002657,0.28419017174857353
SG_002664,0.36108857803283095
SG_002665,0.21126619879084726
SG_002666,0.38004462954780227
SG_002667,0.37271980139000405
SG_002672,0.3671435880620267
SG_002673,0.39770319029934204
SG_002674,0.3433418905740668
SG_002675,0.2765332031051082
SG_002680,0.42302373170569496
SG_002684,0.40124684858505194
SG_002688,0.4283016093862197
SG_002689,0.3308927240463078
SG_002691,0.3169486073021066
SG_002693,0.4488011727432617
SG_002699,0.3579225732061828
SG_002701,0.34161948253926744
SG_002705,0.3703451176482507
SG_002720,0.1416573908436684
SG_002731,0.35876962507755394
SG_002733,0.26538225200825255
SG_002735,0.2952917131337343
SG_002736,0.32470507346527555
SG_002738,0.3030239245218676
SG_002742,0.3878272617616577
SG_002746,0.26891555754809365
SG_002748,0.19272383346673544
SG_002752,0.3018180009502197
SG_002755,0.3936101276596426
SG_002757,0.35494224760770066
SG_002759,0.3935101036678569
SG_002767,0.31727539105833946
SG_002770,0.3847775582062498
SG_002773,0.3728497049242283
SG_002777,0.3274224199249612
SG_002782,0.2565268024205627
SG_002783,0.2516144396437564
SG_002785,0.3551632294389468
SG_002788,0.40354685453486866
SG_002789,0.39048808443752125
SG_002793,0.3728391614385684
SG_002796,0.3183850926916731
SG_002798,0.40435696038248914
SG_002809,0.4326984716545639
SG_002814,0.3388076762790596
SG_002820,0.34899578851226626
SG_002825,0.36194618696233427
SG_002827,0.2929073658302618
SG_002829,0.1964469313525099
SG_002832,0.34200647439331966
SG_002834,0.2573892138674646
SG_002840,0.30522416365382987
SG_002842,0.3441919681097141
SG_002843,0.304919613893098
SG_002849,0.3612786476657398
SG_002850,0.32607614967863463
SG_002853,0.3024700996624926
SG_002875,0.3591312806503747
SG_002882,0.43380804022269537
SG_002887,0.44572861633201033
SG_002891,0.4134947275109879
SG_002896,0.3186823612249994
SG_002904,0.2835865282751592
SG_002906,0.3827823207447586
SG_002907,0.401085477523417
SG_002910,0.39497625487183663
SG_002918,0.3927595976122504
SG_002926,0.3397966077224709
SG_002930,0.3018789968219252
SG_002932,0.2645028370063447
SG_002937,0.29196589695124087
SG_002939,0.37697873491326345
SG_002943,0.18719407937099508
SG_002944,0.31483871925521645
SG_002947,0.33308780339815536
SG_002949,0.3931201490662056
SG_002950,0.24257711785996608
SG_002952,0.3101133167055987
SG_002954,0.39173949800622987
SG_002955,0.4174633073686587
SG_002958,0.391711008369827
SG_002960,0.33588125072587754
SG_002964,0.39889491907867114
SG_002967,0.3183457362038774
SG_002972,0.3808604525018957
SG_002982,0.5043908919356017
SG_002985,0.3257502882998936
SG_002989,0.364475969199138
SG_002999,0.3082455418038069
SG_003002,0.3795244935922457
SG_003008,0.3347005242780489
SG_003023,0.2491698714806473
SG_003024,0.27015004258670466
SG_003026,0.363113683505505
SG_003028,0.39460814695714974
SG_003030,0.3430014917733043
SG_003031,0.3680172951039089
SG_003037,0.2549003989877034
SG_003042,0.2602841299395189
SG_003043,0.29970425794165456
SG_003044,0.3040955058439898
SG_003045,0.30407217745828724
SG_003048,0.3710387197328232
SG_003049,0.22514440051485213
SG_003051,0.3326936256457813
SG_003052,0.3498993402084905
SG_003059,0.46766572243224835
SG_003062,0.31483075228171453
SG_003065,0.26480240382175824
SG_003067,0.2715969389541697
SG_003071,0.30270627708976894
SG_003072,0.37780584282107216
SG_003073,0.33351987600086375
SG_003075,0.3826919995840069
SG_003080,0.2287379799861315
SG_003082,0.275725938274497
SG_003084,0.3528177032069218
SG_003085,0.394223154360141
SG_003088,0.4253488646679918
SG_003089,0.32225779461199544
SG_003096,0.31000193548555344
SG_003097,0.3962846946396209
SG_003102,0.3279462135301748
SG_003105,0.39566041591940326
SG_003107,0.2543521802922459
SG_003111,0.39256417548722344
SG_003116,0.3361171165101619
SG_003118,0.2712532581023267
SG_003125,0.25052317690221204
SG_003127,0.35547533741514015
SG_003133,0.4605347038348927
SG_003135,0.4317037622772136
SG_003137,0.2874306376430192
SG_003138,0.36090715443399185
SG_003139,0.3697688910333907
SG_003141,0.40049325602063457
SG_003144,0.42918657172656377
SG_003151,0.3920169024443733
SG_003154,0.34653866375840414
SG_003158,0.4317606471840515
SG_003160,0.3000720368212245
SG_003164,0.4038201691403387
SG_003168,0.3235166878338702
SG_003169,0.3206307185503029
SG_003174,0.26667973500510284
SG_003179,0.36575771112428146
SG_003184,0.38580825145756426
SG_003186,0.29300509320299495
SG_003193,0.35242473810248814
SG_003196,0.25688027920469286
SG_003198,0.37925725186828957
SG_003201,0.3123224024834168
SG_003204,0.3735735180604359
SG_003205,0.39065066783397484
SG_003206,0.2792109964693959
SG_003211,0.42713105057136136
SG_003214,0.3869132670482622
SG_003215,0.3576627907795097
SG_003216,0.41595282770174813
SG_003217,0.37253582698520465
SG_003219,0.24609498910418717
SG_003226,0.3212109063623004
SG_003227,0.33787882080667136
SG_003230,0.3644974600429954
SG_003231,0.3775370836361367
SG_003232,0.3240417981939603
SG_003234,0.4020087072282612
SG_003239,0.33596677773621675
SG_003241,0.17504632342102142
SG_003243,0.37575737999020664
SG_003250,0.3036119362959845
SG_003253,0.41104034689166324
SG_003256,0.3317170474371073
SG_003259,0.32857995082956803
SG_003266,0.3829408342398437
SG_003272,0.32964385378904215
SG_003273,0.2500087191266372
SG_003281,0.21476273400749438
SG_003284,0.29442788845349954
SG_003288,0.19576942743857098
SG_003293,0.32491312041228565
SG_003294,0.40632991093301185
SG_003295,0.3726451343883607
SG_003296,0.2779833644233394
SG_003301,0.34672427386653093
SG_003304,0.36557292879473635
SG_003305,0.3930703908894488
SG_003307,0.410325664466549
SG_003310,0.3616411783754691
SG_003314,0.3443651005861164
SG_003321,0.230649398837244
SG_003325,0.3584351969732407
SG_003328,0.31571522048498935
SG_003331,0.34178057453711436
SG_003332,0.3632713698000264
SG_003333,0.3348656834148068
SG_003340,0.31772329061053467
SG_003341,0.3675948386140544
SG_003342,0.34303742110496016
SG_003349,0.3287515000211811
SG_003355,0.2954688728142101
SG_003357,0.3836840722413391
SG_003361,0.30901388603725694
SG_003370,0.42165252452935875
SG_003371,0.40521055043573356
SG_003373,0.3076585589482127
SG_003374,0.4287199358057877
SG_003379,0.31667355292739086
SG_003388,0.3622397472459657
SG_003389,0.3308420210293066
SG_003390,0.2824105473958903
SG_003391,0.3881126295096873
SG_003392,0.2586907844516392
SG_003393,0.39980800406172967
SG_003397,0.23114814193607888
SG_003398,0.26552052524409975
SG_003399,0.35106904146663503
SG_003402,0.3531979825780697
SG_003404,0.3496002026409635
SG_003407,0.28335614420233685
SG_003408,0.36425202912658633
SG_003422,0.2649150515527116
SG_003426,0.3946964913000407
SG_003430,0.38584047385397924
SG_003434,0.15898329120001026
SG_003437,0.38933040831099264
SG_003439,0.3692511952769103
SG_003440,0.2969271051325361
SG_003441,0.16753277761824859
SG_003444,0.390645802148629
SG_003447,0.39849803071053924
SG_003452,0.23078776729070538
SG_003453,0.453711094494314
SG_003464,0.3515953655901576
SG_003469,0.3169183628530588
SG_003475,0.36350640726373473
SG_003477,0.3946104728887406
SG_003479,0.33522204848726916
SG_003480,0.3853065038046859
SG_003482,0.4230489828882216
SG_003483,0.4259910710675906
SG_003485,0.30441703009776644
SG_003486,0.37150507297427043
SG_003489,0.1469442651630114
SG_003491,0.32309756865829226
SG_003492,0.2895030120950266
SG_003493,0.3516507789646485
SG_003501,0.36345768046227306
SG_003505,0.3173202132931687
SG_003509,0.21878522773104192
SG_003517,0.35834026447710926
SG_003521,0.34020316810561896
SG_003526,0.27926786780125984
SG_003528,0.32914909401150205
SG_003532,0.33551340827992415
SG_003535,0.20893514746153763
SG_003538,0.3372373971866509
SG_003541,0.17004335652802033
SG_003545,0.23532960434543634
SG_003548,0.39264848892801707
SG_003549,0.34851152991692497
SG_003554,0.17489797717009234
SG_003557,0.4359956747545801
SG_003566,0.3603373467954188
SG_003568,0.3912150204468041
SG_003572,0.3159655388291266
SG_003575,0.3276702119557091
SG_003578,0.2905205751129063
SG_003584,0.34936073007144186
SG_003585,0.32002386800057375
SG_003588,0.3453249631327726
SG_003589,0.35407175631562904
SG_003594,0.31854183457759133
SG_003597,0.3145944054521952
SG_003598,0.31287981201217874
SG_003601,0.4050278842026557
SG_003603,0.33563526635093127
SG_003610,0.36102819908649686
SG_003611,0.277702379155399
SG_003613,0.3230400573577767
SG_003618,0.3306529030017953
SG_003619,0.30985105753603015
SG_003620,0.4028671876624683
SG_003625,0.435985564041198
SG_003627,0.3686169172202561
SG_003628,0.3312450614109074
SG_003629,0.33700213495476783
SG_003637,0.3788225739937
SG_003648,0.23359408320229888
SG_003650,0.2449231564304409
SG_003666,0.3156909962487088
SG_003668,0.4159055430718933
SG_003670,0.28412327720177444
SG_003671,0.17187849197843183
SG_003689,0.3219496196507505
SG_003691,0.2938126537880078
SG_003699,0.44709041941165545
SG_003702,0.3684997529378541
SG_003704,0.3192118048044488
SG_003705,0.3352627391216148
SG_003706,0.3853732688531998
SG_003708,0.2689266977611073
SG_003710,0.2590337720252603
SG_003711,0.291708145359708
SG_003714,0.3323843870213547
SG_003715,0.38957024028924253
SG_003722,0.43454636608787267
SG_003745,0.36732023656261636
SG_003746,0.2989301397515206
SG_003751,0.28496052873486627
SG_003754,0.39053404793085206
SG_003757,0.39128556036437984
SG_003758,0.3279859660080164
SG_003765,0.2944020097544652
SG_003767,0.27611675709751116
SG_003768,0.25587636177228007
SG_003769,0.33775098657266284
SG_003777,0.36172642563529717
SG_003783,0.26177515564548953
SG_003786,0.31505701792195573
SG_003787,0.2866005783606801
SG_003788,0.23936265603109041
SG_003792,0.28908114608424074
SG_003795,0.3627248612691609
SG_003806,0.32409616445349704
SG_003807,0.39896432638301116
SG_003809,0.329191998594924
SG_003810,0.31447626209922486
SG_003812,0.37933568858272154
SG_003820,0.3362579097139976
SG_003822,0.30735518830057207
SG_003829,0.38037076063785197
SG_003835,0.21709685164845804
SG_003843,0.39524559730007075
SG_003844,0.34668755795320183
SG_003851,0.2395964613001716
SG_003852,0.412239307341339
SG_003856,0.3419611062106279
SG_003860,0.3295231483412615
SG_003863,0.33689588539541787
SG_003865,0.37563015006165645
SG_003868,0.38722210076051705
SG_003869,0.27102984489953275
SG_003874,0.3569555261046944
SG_003878,0.3757984927386257
SG_003880,0.39957909165591066
SG_003881,0.34273911801417256
SG_003886,0.2813594470436393
SG_003896,0.36450397142245516
SG_003904,0.25030134797602915
SG_003905,0.4554019045682919
SG_003906,0.2971058731429068
SG_003907,0.29470695541892344
SG_003908,0.3282878822677774
SG_003910,0.3538772544998796
SG_003917,0.32163624822157144
SG_003919,0.4300236012121452
SG_003920,0.36524392279326684
SG_003921,0.339895694008178
SG_003922,0.3654705317926475
SG_003925,0.18231417949505235
SG_003926,0.2792949622958829
SG_003935,0.29424007103689154
SG_003937,0.322284909955212
SG_003940,0.2961810951946795
SG_003941,0.29895549621931217
SG_003945,0.43867372673993144
SG_003951,0.4522761378382106
SG_003958,0.26479989039862994
SG_003959,0.24024056725926254
SG_003961,0.4585891753224093
SG_003966,0.36302207879169063
SG_003967,0.29805917281481314
SG_003969,0.39209070571092886
SG_003972,0.3305195722389544
SG_003977,0.30130236849587816
SG_003978,0.2696500740545464
SG_003979,0.41506107906649414
SG_003988,0.332666928144751
SG_003992,0.4281012835094088
SG_003994,0.3231181042330588
SG_003995,0.3397212354769644
SG_004001,0.3351363881141411
SG_004002,0.2435966588063625
SG_004011,0.28047421966946523
SG_004012,0.28873798057734523
SG_004016,0.4045731436583244
SG_004019,0.3942891948589884
SG_004034,0.3727474493189853
SG_004036,0.3072393989463726
SG_004041,0.3976837535270607
SG_004042,0.3810778048068577
SG_004045,0.28444031316583746
SG_004048,0.3489458219421704
SG_004049,0.23667286610331034
SG_004050,0.39697778450021076
SG_004054,0.3687507505444264
SG_004060,0.3531682354251033
SG_004063,0.3458439762204624
SG_004064,0.3236575398546591
SG_004065,0.3484106493739897
SG_004066,0.271665536130518
SG_004071,0.29591220997388956
SG_004074,0.33223835518470884
SG_004078,0.3731447969802614
SG_004079,0.25582700208772674
SG_004080,0.34769097008204775
SG_004081,0.3927905718976293
SG_004083,0.32584477556563074
SG_004087,0.3062121772637213
SG_004089,0.35051517456998654
SG_004091,0.1954830151095239
SG_004093,0.40038307672911316
SG_004094,0.441000844178552
SG_004100,0.32553069009051433
SG_004107,0.38740863580410856
SG_004109,0.23571220653026945
SG_004110,0.33112152585699506
SG_004111,0.3364285553165292
SG_004123,0.26614470294109643
SG_004126,0.29414440295414457
SG_004127,0.17234092742718338
SG_004129,0.2311709139832783
SG_004130,0.34358644374969843
SG_004131,0.3995094211194532
SG_004136,0.2882229321052704
SG_004140,0.2392697849003296
SG_004149,0.28115335894711796
SG_004152,0.4010012407437591
SG_004155,0.35291466160301643
SG_004157,0.3134685896900553
SG_004163,0.36949047487966746
SG_004164,0.3458945059579266
SG_004168,0.34046271612444134
SG_004170,0.38177518940036265
SG_004171,0.28455763013607843
SG_004174,0.28188957654194174
SG_004175,0.3122392849493869
SG_004178,0.2732399585310946
SG_004181,0.3659957325560457
SG_004184,0.3880891680812253
SG_004186,0.37739648303922824
SG_004187,0.2762003160815776
SG_004191,0.31983707188452626
SG_004192,0.37694797931196095
SG_004197,0.37223861813674886
SG_004201,0.3866057267436397
SG_004204,0.39561132292498674
SG_004207,0.40872786746152046
SG_004209,0.4387920032630354
SG_004214,0.4527025797016127
SG_004218,0.290275261373102
SG_004220,0.25688877434552904
SG_004223,0.2572037772824925
SG_004224,0.3614628239488555
SG_004225,0.3518564357529904
SG_004228,0.2614685104425836
SG_004229,0.3214242540386628
SG_004230,0.330039250547717
SG_004235,0.17231794268959827
SG_004238,0.3440008569228109
SG_004239,0.4842215837983843
SG_004244,0.36535975300411716
SG_004253,0.3503602016968101
SG_004256,0.26680282584982584
SG_004257,0.31384406949388965
SG_004258,0.38691082499205953
SG_004262,0.4344489844961168
SG_004263,0.36095028031639387
SG_004265,0.3011131290852669
SG_004268,0.31984600287553183
SG_004269,0.31249182208493154
SG_004271,0.29894237243958255
SG_004286,0.3046730497732824
SG_004289,0.32870637887009063
SG_004290,0.3536974502427821
SG_004291,0.31622578632888354
SG_004297,0.34113559090632034
SG_004300,0.4026850574255575
SG_004302,0.41257903672151186
SG_004305,0.3366755063005975
SG_004306,0.3736938131311936
SG_004312,0.3962810238011002
SG_004313,0.30600033489561834
SG_004315,0.44799377419708886
SG_004320,0.2503983132480716
SG_004321,0.4400567577571134
SG_004322,0.3289315828992144
SG_004325,0.40843601674918406
SG_004326,0.31693775349455106
SG_004339,0.37920057819141856
SG_004342,0.2964790744146757
SG_004347,0.37065083355889195
SG_004348,0.3607695316831373
SG_004349,0.36330312994235964
SG_004350,0.3965390214514859
SG_004357,0.2998456276633834
SG_004358,0.3092797375841734
SG_004359,0.35937389221301563
SG_004362,0.3747595913124986
SG_004365,0.28116929192652346
SG_004368,0.39756501886324475
SG_004369,0.395327126571856
SG_004370,0.2828446206927989
SG_004378,0.3774047386901344
SG_004379,0.3806902894900914
SG_004388,0.4459071145257319
SG_004390,0.28091958463877714
SG_004391,0.27771334181545104
SG_004401,0.28180232992371457
SG_004404,0.45909935360110116
SG_004405,0.3604745517857638
SG_004406,0.3384467758936498
SG_004408,0.2755149364832318
SG_004415,0.29167225432297794
SG_004417,0.19046285959555498
SG_004419,0.27178864579210227
SG_004420,0.4584564001628062
SG_004422,0.35299508678096203
SG_004423,0.29651635435115997
SG_004426,0.2990498390166229
SG_004427,0.24385744471157936
SG_004429,0.38707033251958717
SG_004432,0.2777493724125455
SG_004439,0.4015585704410595
SG_004445,0.4101139714662474
SG_004447,0.3998753170048985
SG_004448,0.3119809370954699
SG_004451,0.42360146272574795
SG_004457,0.3061940218806889
SG_004458,0.2477271236904371
SG_004460,0.3622550694325628
SG_004461,0.41982304145232946
SG_004462,0.1944777509227461
SG_004464,0.3874817106778004
SG_004465,0.3818873439993988
SG_004469,0.30208261092002103
SG_004474,0.35610021208193576
SG_004475,0.336884767532935
SG_004476,0.25145239414435544
SG_004477,0.3446117587130083
SG_004480,0.37549879312575807
SG_004482,0.3972744028726493
SG_004484,0.35778935189542527
SG_004486,0.2619862209089625
SG_004494,0.47602385296813376
SG_004504,0.33829190549529786
SG_004508,0.3335218881733491
SG_004509,0.3700229801815149
SG_004511,0.3644181066941137
SG_004514,0.31627712627625426
SG_004515,0.3816773894932481
SG_004518,0.29466911770731363
SG_004521,0.22760545068843638
SG_004526,0.325210944306898
SG_004530,0.35685470292364285
SG_004534,0.3742873950259946
SG_004536,0.24779002677336165
SG_004538,0.268784576760176
SG_004539,0.3971887115593783
SG_004541,0.38630434137530234
SG_004549,0.3106478586212111
SG_004552,0.3873087796370823
SG_004553,0.34259731938198756
SG_004556,0.3938804102586033
SG_004559,0.3388847177469225
SG_004562,0.30174690516709546
SG_004565,0.4208148906560752
SG_004568,0.27572869610760536
SG_004576,0.32849054114350174
SG_004577,0.27719962717494423
SG_004593,0.4337537466249083
SG_004594,0.3974304512955411
SG_004600,0.4512241342119729
SG_004602,0.4047816436956413
SG_004608,0.35679111006184844
SG_004609,0.3599906517956315
SG_004612,0.29269844022572655
SG_004614,0.28355457389643224
SG_004617,0.31846264936598623
SG_004620,0.23825095154630502
SG_004623,0.317721490351392
SG_004626,0.4512226436727844
SG_004631,0.40312101379686605
SG_004632,0.28474714163553544
SG_004633,0.39012987871991167
SG_004635,0.4052121554000501
SG_004637,0.3570892936953015
SG_004638,0.3136744100671718
SG_004641,0.3750717325218582
SG_004645,0.3328271846009073
SG_004652,0.2537156019688891
SG_004653,0.27103778621469854
SG_004655,0.2524820200177411
SG_004656,0.33081910963106853
SG_004658,0.3344827449626332
SG_004659,0.3684399311331077
SG_004662,0.30332507854657265
SG_004664,0.325559845596887
SG_004668,0.3312413367791208
SG_004669,0.364521207825068
SG_004672,0.40598650461894237
SG_004676,0.3568297255124827
SG_004682,0.35408154503654077
SG_004685,0.4074256891289841
SG_004689,0.3633529840967812
SG_004695,0.320332885783034
SG_004697,0.3444889470235917
SG_004700,0.32243920550474625
SG_004701,0.36773185522830154
SG_004709,0.37847321831666797
SG_004710,0.32209167567818253
SG_004712,0.3005343040108599
SG_004716,0.38035852506418755
SG_004720,0.2637154535865454
SG_004721,0.24837102396060884
SG_004723,0.35510606742107487
SG_004731,0.426449858512153
SG_004736,0.42111554344691343
SG_004737,0.38017968330389473
SG_004738,0.290578373891784
SG_004739,0.37225531807091905
SG_004742,0.32043418379227856
SG_004751,0.3822888743638821
SG_004753,0.26669510447841505
SG_004755,0.4028300536991326
SG_004757,0.3973623994690447
SG_004760,0.18206366396739385
SG_004761,0.2798444197391782
SG_004762,0.2543687825483168
SG_004763,0.39949508435025716
SG_004764,0.4136315906272905
SG_004766,0.3964421009009529
SG_004769,0.2665954487317672
SG_004772,0.24162105747193033
SG_004773,0.3509034444338096
SG_004782,0.2764056632348383
SG_004784,0.34774619388606504
SG_004786,0.389679529002115
SG_004787,0.3707199041330721
SG_004789,0.2560436600604638
SG_004797,0.35767126956484624
SG_004798,0.33920398708263894
SG_004799,0.3933205946064853
SG_004801,0.40851771736632125
SG_004804,0.35573627656547013
SG_004813,0.2853819171998227
SG_004816,0.4609595865930733
SG_004817,0.2928059938189468
SG_004818,0.3456845000079629
SG_004821,0.3594154827072674
SG_004827,0.3605617845659247
SG_004828,0.334586310254423
SG_004829,0.3865315680774224
SG_004830,0.45839858446416004
SG_004831,0.36369103016867677
SG_004836,0.2935244561135224
SG_004840,0.30175381517442257
SG_004842,0.30992580596441555
SG_004844,0.28384670693090597
SG_004846,0.40088432574532384
SG_004853,0.3078422615902028
SG_004855,0.3828315509407856
SG_004856,0.3800113424313426
SG_004866,0.24380411504725583
SG_004867,0.1802271168809944
SG_004868,0.3567053621618154
SG_004873,0.3958396156498363
SG_004877,0.28827670524847127
SG_004881,0.33968693023506397
SG_004882,0.37342826126483325
SG_004887,0.38849103697773457
SG_004898,0.4150256333804502
SG_004900,0.3565641056385047
SG_004906,0.3358294085109236
SG_004907,0.31845125860630974
SG_004912,0.39729172189434125
SG_004913,0.2531473273598475
SG_004919,0.283169442961782
SG_004922,0.3132202285743684
SG_004923,0.3864837608658723
SG_004925,0.30538869213531267
SG_004927,0.365928093831201
SG_004929,0.4097576510226264
SG_004930,0.40532480606643356
SG_004939,0.37705007018540176
SG_004942,0.274710914987914
SG_004944,0.3504369081051819
SG_004945,0.3311743523597861
SG_004959,0.36403506015201037
SG_004960,0.3078574332231555
SG_004964,0.2913247712037588
SG_004968,0.3239193602834809
SG_004969,0.3001986233482197
SG_004973,0.4549174204999991
SG_004975,0.35019478621600575
SG_004981,0.33264039831106784
SG_004985,0.4152719106679428
SG_004988,0.3163218367363938
SG_004990,0.2788437283178252
SG_004993,0.21602134640453186
SG_004997,0.24426196638309527
SG_005000,0.3129735802883996
SG_005002,0.47653714576009026
SG_005004,0.47580298531364673
SG_005011,0.3836147810307432
SG_005013,0.2795783999683755
SG_005018,0.2942524454408678
SG_005019,0.25465515096426783
SG_005020,0.34122548319241663
SG_005022,0.3135314790716189
SG_005027,0.33463709857952706
SG_005029,0.31938230160665726
SG_005030,0.29177729905325506
SG_005031,0.31475961206469916
SG_005033,0.27191453319256187
SG_005037,0.29683157969494145
SG_005041,0.29341121622880506
SG_005048,0.2971418600532253
SG_005049,0.3909731367440706
SG_005052,0.3952868183663959
SG_005057,0.30895406039423806
SG_005058,0.3279942567660545
SG_005062,0.42056559066477256
SG_005080,0.27920462090274556
SG_005085,0.2526167586762915
SG_005086,0.41402814948765543
SG_005089,0.38224975604770295
SG_005090,0.27549802262810424
SG_005091,0.4756428873794215
SG_005094,0.39456559147827186
SG_005097,0.4118266910839106
SG_005098,0.31237383755392234
SG_005100,0.39865794707028074
SG_005101,0.41095711593187145
SG_005102,0.43147642096936345
SG_005108,0.4466684239520103
SG_005110,0.4691306244703344
SG_005114,0.337804323664552
SG_005120,0.2821500478464564
SG_005122,0.32143013641277657
SG_005123,0.28878911324955653
SG_005126,0.38307607750512035
SG_005131,0.3340836976894163
SG_005132,0.1792778041764376
SG_005134,0.39845499731150846
SG_005137,0.3127559107751327
SG_005140,0.3839408687954683
SG_005141,0.3410426257397903
SG_005142,0.3465529018850702
SG_005143,0.1835697812408062
SG_005148,0.3961730100273032
SG_005161,0.3227295054689808
SG_005168,0.4092839424124819
SG_005170,0.2822771773955525
SG_005171,0.3571753029772401
SG_005174,0.3582215400645221
SG_005175,0.30901386454004987
SG_005178,0.39037127331600807
SG_005179,0.29713191631651387
SG_005188,0.38677285931734096
SG_005190,0.3786437722956307
SG_005191,0.2461612195903708
SG_005194,0.3347165174103709
SG_005196,0.27485478464134194
SG_005199,0.33014275508183455
SG_005200,0.3221787556564673
SG_005203,0.3129966391907594
SG_005205,0.38674295725554564
SG_005213,0.27268027218481056
SG_005214,0.39307810972783797
SG_005216,0.3955700376014141
SG_005220,0.31363827009218126
SG_005224,0.33337182692644257
SG_005228,0.3199108245221346
SG_005233,0.31579789430287286
SG_005235,0.3815883847859908
SG_005240,0.28842485387601763
SG_005241,0.29239900592762
SG_005246,0.33845114269488313
SG_005247,0.3381541758313813
SG_005248,0.32659691525081175
SG_005250,0.30090747118172045
SG_005251,0.29331076760543556
SG_005253,0.3210944071428551
SG_005255,0.26663980217546307
SG_005264,0.38216889909142104
SG_005268,0.22702237122055796
SG_005270,0.39783882062676307
SG_005277,0.4385683347628659
SG_005282,0.2758844864618898
SG_005283,0.396244992399745
SG_005284,0.3681982637572736
SG_005287,0.426091704123297
SG_005289,0.3747314078315974
SG_005291,0.4526402384473415
SG_005292,0.3028137086648594
SG_005296,0.23090682391167228
SG_005302,0.34783936991012987
SG_005305,0.33385532050685035
SG_005311,0.413035218981319
SG_005312,0.33085290540012435
SG_005313,0.4057512392632644
SG_005316,0.3459438024267201
SG_005320,0.4399426850776649
SG_005321,0.4060790305970817
SG_005322,0.41063394101620854
SG_005323,0.3643940023137764
SG_005325,0.3612266103234885
SG_005328,0.30068477041117353
SG_005329,0.38467554924103614
SG_005332,0.43937787123145206
SG_005333,0.43142054240420846
SG_005335,0.3541583210308148
SG_005340,0.36957600899624277
SG_005341,0.3203476697872334
SG_005346,0.29576350954440195
SG_005350,0.4889767537986271
SG_005351,0.3175815120262907
SG_005353,0.2749845968571253
SG_005356,0.325077965467107
SG_005360,0.4441616795938525
SG_005362,0.34350763419789837
SG_005363,0.2796116380055075
SG_005365,0.3651216047348982
SG_005371,0.3241113608807399
SG_005372,0.30035312081974797
SG_005376,0.4155716746841367
SG_005378,0.3628761487993286
SG_005379,0.16792402760302672
SG_005380,0.48211245892352594
SG_005384,0.4528115593479462
SG_005386,0.32272267207240357
SG_005387,0.42642385878429806
SG_005397,0.34871475408750263
SG_005401,0.3909087403845669
SG_005408,0.3734712825949611
SG_005412,0.28324217901267523
SG_005414,0.412412543686433
SG_005421,0.3684062894269935
SG_005424,0.28348677083048157
SG_005428,0.25709094686480305
SG_005432,0.3553561630275976
SG_005439,0.43050901575273154
SG_005444,0.36567079338491176
SG_005445,0.3260304105236771
SG_005446,0.24010079071515328
SG_005447,0.4251976479182987
SG_005449,0.3364370773633437
SG_005450,0.41127839163709334
SG_005451,0.39571533298540884
SG_005452,0.3242009685902905
SG_005456,0.3957816006197595
SG_005457,0.26693396271034686
SG_005459,0.13916046686034658
SG_005460,0.2827521114852872
SG_005465,0.3720743848783652
SG_005466,0.3939540619257432
SG_005470,0.34166229622964617
SG_005473,0.4032044890885753
SG_005477,0.39977225470600314
SG_005486,0.29357393859761005
SG_005489,0.29082011713479294
SG_005491,0.4479286308476198
SG_005496,0.3226051894143815
SG_005497,0.4341731269970527
SG_005499,0.2651288992380892
SG_005503,0.3488924286136421
SG_005504,0.2765277620021404
SG_005506,0.3082578121263548
SG_005510,0.3246491327258254
SG_005511,0.4287257894694847
SG_005515,0.26625100484975334
SG_005518,0.36845800588406763
SG_005519,0.45125635505925726
SG_005524,0.3742127376296556
SG_005529,0.349755563182376
SG_005530,0.38612812306109323
SG_005531,0.3656625651299157
SG_005532,0.2685053852010785
SG_005534,0.3057873370456894
SG_005535,0.4235284639240224
SG_005541,0.3412593207647495
SG_005542,0.39781554298428096
SG_005550,0.23575700578741832
SG_005555,0.2812578136775031
SG_005557,0.32789962411393525
SG_005565,0.3193425851344071
SG_005569,0.2713432854882931
SG_005572,0.2612089360437492
SG_005575,0.3390998580695434
SG_005579,0.42813733525984865
SG_005580,0.3955688076990406
SG_005583,0.3595591801564933
SG_005591,0.3654655222655155
SG_005592,0.3116924701899193
SG_005593,0.220320059813926
SG_005594,0.35369272811644636
SG_005599,0.39112114870445663
SG_005603,0.4544825229417552
SG_005606,0.3390994598155804
SG_005611,0.2984739621081866
SG_005615,0.417465812498434
SG_005622,0.35208828068281084
SG_005625,0.42162484984062787
SG_005630,0.30330177492769905
SG_005634,0.3877704398253918
SG_005635,0.29864122860986897
SG_005636,0.35902259748250354
SG_005638,0.3839918492934813
SG_005640,0.38430313560454343
SG_005643,0.3913333529800974
SG_005644,0.2770791014859333
SG_005645,0.32203451484733475
SG_005650,0.3788175735051442
SG_005654,0.4123449571212572
SG_005655,0.1848376580795913
SG_005656,0.34919292222098974
SG_005661,0.4085587794663385
SG_005664,0.3183614320313118
SG_005666,0.3300341553765508
SG_005671,0.3488535059364459
SG_005681,0.3317047890552478
SG_005683,0.33115685590594457
SG_005687,0.29794659681313523
SG_005688,0.3885204044901558
SG_005691,0.3711598685577231
SG_005692,0.354776171882784
SG_005693,0.3665065796886539
SG_005694,0.43016949954106876
SG_005696,0.38923947060624065
SG_005703,0.28723156442621456
SG_005704,0.3802524480865438
SG_005706,0.3522681065965029
SG_005707,0.37506342519561
SG_005713,0.2575288380408212
SG_005715,0.3357622908909743
SG_005719,0.36113680508052975
SG_005722,0.15259480606431874
SG_005724,0.32682687427126655
SG_005725,0.3445452710260544
SG_005726,0.3024002441381332
SG_005730,0.41780944143533605
SG_005735,0.27986804758708894
SG_005736,0.33574758949934996
SG_005740,0.3651592021656256
SG_005748,0.3891171683156293
SG_005750,0.3401049032668242
SG_005753,0.38085174368887487
SG_005758,0.3227373459732338
SG_005759,0.2920011980917757
SG_005764,0.32005821228829645
SG_005765,0.20617090536758953
SG_005772,0.36638323418582175
SG_005773,0.2451958561610785
SG_005776,0.31874265434469995
SG_005778,0.36266535218701135
SG_005784,0.31034602413028894
SG_005786,0.3659904161356582
SG_005789,0.3367049569315437
SG_005794,0.30944244175394797
SG_005796,0.3185641125170166
SG_005801,0.29016594690454023
SG_005807,0.16708150325917978
SG_005809,0.2592843667658812
SG_005811,0.3221455136301663
SG_005813,0.2933414643198459
SG_005814,0.40743703982145374
SG_005817,0.3095254859838323
SG_005818,0.27700095038011274
SG_005820,0.29205234024947146
SG_005821,0.3273008138545277
SG_005824,0.24460479797817541
SG_005825,0.2970502350808865
SG_005827,0.3308742551605529
SG_005828,0.37469777203509264
SG_005830,0.3340221365651084
SG_005838,0.46783477728163697
SG_005840,0.3858975822627691
SG_005842,0.354574599091808
SG_005846,0.24600215097200703
SG_005847,0.20494150343664874
SG_005848,0.21298431406467755
SG_005857,0.47288380004793806
SG_005861,0.28199972638692333
SG_005862,0.36828455509120395
SG_005871,0.28729807452872025
SG_005872,0.4042998701519307
SG_005873,0.3219390052249067
SG_005874,0.3229448219232327
SG_005875,0.35609817961505696
SG_005877,0.27166461381215135
SG_005880,0.31026270376781717
SG_005884,0.34247189119091337
SG_005892,0.40457936182792936
SG_005894,0.2988897640630287
SG_005898,0.380808270386917
SG_005899,0.3376707546704776
SG_005905,0.38664010555964384
SG_005909,0.19797019768192942
SG_005910,0.3622998514407183
SG_005920,0.3491738357514358
SG_005921,0.4132118228783293
SG_005922,0.3396256860787631
SG_005925,0.29781048465155896
SG_005928,0.33782337777328386
SG_005932,0.2131207369759152
SG_005934,0.38990297767979065
SG_005935,0.3328674860029123
SG_005937,0.3402071946527201
SG_005939,0.3126729063481833
SG_005943,0.3429643201016681
SG_005951,0.25818817023391416
SG_005955,0.3569613091927033
SG_005959,0.4780577463127746
SG_005966,0.2434767997749722
SG_005967,0.38891511705792703
SG_005969,0.408368158894604
SG_005976,0.4579557095448896
SG_005977,0.2951383494628915
SG_005979,0.4329607650401801
SG_005980,0.3690561352240969
SG_005985,0.32371602193746407
SG_005986,0.4643515323545654
SG_005991,0.4533077162612853
SG_005999,0.26702214661934626
SG_006000,0.32796024280131947
SG_006004,0.365418808691368
SG_006009,0.4310777907069081
SG_006012,0.38529380002942726
SG_006013,0.31714366908146785
SG_006022,0.3683658638144556
SG_006023,0.35922312251935407
SG_006026,0.32265906878080797
SG_006028,0.3754896504185764
SG_006029,0.32490221392509233
SG_006033,0.37989828033066286
SG_006035,0.2273846239514447
SG_006036,0.28267293316731584
SG_006038,0.38184751456357524
SG_006039,0.3751143284833649
SG_006041,0.25573004155101725
SG_006047,0.26912045972352117
SG_006049,0.357657163788883
SG_006050,0.37994677797182486
SG_006054,0.25510174826170146
SG_006063,0.33917212425694043
SG_006067,0.47328742878792157
SG_006069,0.4320231100591825
SG_006073,0.2573253373690832
SG_006074,0.291775102086499
SG_006075,0.27546055370099615
SG_006076,0.40729220460098503
SG_006077,0.44159241200042554
SG_006079,0.33472467117717475
SG_006081,0.3019422113715585
SG_006086,0.2788548126850263
SG_006092,0.3322531552071392
SG_006095,0.3863479601571246
SG_006097,0.3579970692665262
SG_006099,0.4469597549856986
SG_006101,0.3411468253678551
SG_006112,0.43684151185885994
SG_006122,0.3130812978876633
SG_006127,0.29946326051306754
SG_006131,0.27462076842336286
SG_006133,0.28445208447772724
SG_006136,0.33383625112558113
SG_006137,0.35473799218061264
SG_006140,0.37504683600692146
SG_006143,0.33102484451162223
SG_006148,0.27223630925368675
SG_006150,0.3960865014542745
SG_006151,0.43601642014929065
SG_006154,0.17585244083608953
SG_006161,0.28846838177186374
SG_006163,0.3643184681118061
SG_006169,0.35237218619987054
SG_006170,0.3221447589965194
SG_006179,0.3760858319371909
SG_006181,0.38979315425909455
SG_006184,0.3033518476150242
SG_006187,0.27003228318537703
SG_006189,0.39520505071543227
SG_006197,0.3030297138056679
SG_006202,0.3324652542672273
SG_006206,0.2925931826975772
SG_006212,0.39533923336854143
SG_006213,0.32164110596178114
SG_006218,0.25415377411486734
SG_006222,0.37333285616077283
SG_006224,0.2713843071661141
SG_006225,0.4082302997075218
SG_006226,0.3782349090481716
SG_006229,0.21777193123379895
SG_006237,0.4034812049187452
SG_006238,0.23828203062342104
SG_006240,0.19378200636457804
SG_006241,0.32163288270968693
SG_006242,0.3225229704053202
SG_006244,0.36354759301548245
SG_006245,0.2541166699317721
SG_006247,0.33025701617569797
SG_006250,0.23836868187488294
SG_006251,0.3559708300138635
SG_006252,0.37691751902340265
SG_006254,0.3317578913986525
SG_006256,0.4010181168627276
SG_006260,0.36051621808989587
SG_006262,0.4214500519931742
SG_006263,0.2589350874021796
SG_006264,0.2522891244731334
SG_006266,0.5017325263946953
SG_006269,0.39362136089420474
SG_006275,0.3896049958499973
SG_006277,0.2857830275967468
SG_006283,0.3718224570633465
SG_006284,0.2928410756597106
SG_006287,0.30021301929241323
SG_006288,0.3693329518601952
SG_006300,0.2824600626562257
SG_006301,0.2796253992053462
SG_006304,0.264262861701214
SG_006306,0.3390741277927367
SG_006313,0.3689602981399056
SG_006315,0.2974350089670083
SG_006317,0.36941643179538863
SG_006320,0.366996926961473
SG_006322,0.4458002481197716
SG_006326,0.3241100885681527
SG_006328,0.3939634324815975
SG_006331,0.36469044060211087
SG_006337,0.41203981352902364
SG_006340,0.3662242976159238
SG_006345,0.3826614837434352
SG_006348,0.2561453788013908
SG_006349,0.3139005714136142
SG_006356,0.3397654168692438
SG_006357,0.30120104182699275
SG_006358,0.3036247736620379
SG_006360,0.33937033702636576
SG_006371,0.38115724145299434
SG_006373,0.40327273891548676
SG_006380,0.36377435693006605
SG_006382,0.41867702043701216
SG_006388,0.1749531186190798
SG_006393,0.38748403199583303
SG_006394,0.37889838031652606
SG_006396,0.17402012111958914
SG_006398,0.3280776453801443
SG_006400,0.33061369925206885
SG_006403,0.2543136746728639
SG_006404,0.3202734276531467
SG_006411,0.26033580670650414
SG_006417,0.333902268447181
SG_006418,0.39315709579327357
SG_006420,0.3752453417384692
SG_006421,0.3273483161508158
SG_006423,0.2295785103154958
SG_006424,0.3767007416865712
SG_006429,0.41643125873834774
SG_006435,0.2958871920365772
SG_006438,0.34428184366024966
SG_006439,0.37839852006825775
SG_006441,0.2863374430765974
SG_006445,0.3058658813106766
SG_006446,0.32581569414618305
SG_006448,0.3312352509944545
SG_006451,0.2821483574832043
SG_006452,0.28294980920429463
SG_006455,0.2919952225841043
SG_006463,0.3857111638596066
SG_006467,0.3258670416885511
SG_006469,0.3163650196924522
SG_006470,0.30262748234141584
SG_006477,0.3327212381865908
SG_006480,0.4275924988826668
SG_006486,0.2595524740087425
SG_006487,0.26006538506739413
SG_006488,0.3211805168898427
SG_006490,0.438067763090109
SG_006491,0.33322158714294353
SG_006493,0.3248588594614582
SG_006494,0.27798746542454134
SG_006496,0.23609704774372492
SG_006497,0.4420731932280962
SG_006498,0.37518437144101024
SG_006500,0.4096509074014494
SG_006502,0.28942990813568364
SG_006503,0.345155702386613
SG_006505,0.34677529488634584
SG_006506,0.3696098791495651
SG_006507,0.2795998042866026
SG_006512,0.2546196802840986
SG_006516,0.371713721636344
SG_006520,0.31894903773763567
SG_006522,0.29692704544566073
SG_006528,0.39087510616302923
SG_006534,0.31151316953170816
SG_006535,0.3258989441915229
SG_006536,0.34125238104770816
SG_006537,0.21768926903130784
SG_006539,0.41506356449320186
SG_006541,0.28423682243232273
SG_006543,0.42555533996694306
SG_006545,0.3787891828631921
SG_006548,0.35012925467681916
SG_006550,0.21463318282551655
SG_006551,0.23100535498101807
SG_006557,0.3817936295210478
SG_006560,0.2793325017928568
SG_006564,0.46066368116900824
SG_006566,0.31123370343686224
SG_006567,0.3034048557869432
SG_006577,0.28187449799038616
SG_006579,0.3132897184627475
SG_006581,0.20670467127629452
SG_006588,0.31368895704241373
SG_006592,0.4249729051901312
SG_006597,0.1981042072586944
SG_006601,0.30619587433872497
SG_006607,0.19886710969887808
SG_006608,0.30031248883041894
SG_006610,0.2968944147425793
SG_006615,0.3995361770456577
SG_006616,0.2989776098008301
SG_006620,0.3019408044829766
SG_006622,0.3268095492953733
SG_006623,0.28241847479395554
SG_006624,0.31383392267010585
SG_006626,0.30306999283737557
SG_006627,0.4025502431425775
SG_006633,0.26580125108736913
SG_006637,0.363884223532005
SG_006638,0.3327214554340461
SG_006639,0.3506233178594915
SG_006644,0.39909493276632757
SG_006645,0.39700858756162394
SG_006651,0.37353533435481645
SG_006659,0.3111349159550021
SG_006664,0.28606636598409985
SG_006668,0.3609436912518972
SG_006673,0.28231155751923304
SG_006687,0.30189352054382657
SG_006688,0.4383528624648503
SG_006690,0.343534707288854
SG_006693,0.3206279017075849
SG_006698,0.24980869391147467
SG_006700,0.3617858286939476
SG_006706,0.2898923412301561
SG_006710,0.2879089568790212
SG_006713,0.3169341207314247
SG_006716,0.3918783317315484
SG_006728,0.317204648400361
SG_006734,0.37843393192913116
SG_006736,0.3623482936546295
SG_006744,0.34525213899557916
SG_006745,0.29875755874341636
SG_006749,0.35118450773022036
SG_006758,0.36327825964540283
SG_006760,0.2768026860177393
SG_006765,0.4104795300458485
SG_006766,0.41754205972299624
SG_006769,0.2938610813754092
SG_006778,0.3408822461145762
SG_006780,0.2825215826122765
SG_006781,0.3950567143505065
SG_006786,0.3813487206184998
SG_006789,0.3121123901665774
SG_006792,0.38179410259631125
SG_006793,0.26818032662071123
SG_006800,0.3923493225938806
SG_006802,0.3404041727204045
SG_006808,0.241293058787944
SG_006820,0.34672916207387405
SG_006833,0.295316481513615
SG_006835,0.31895770922997996
SG_006837,0.2829615180239709
SG_006841,0.35156554578131594
SG_006847,0.38036435481854836
SG_006848,0.31131790159405415
SG_006851,0.2913613352042321
SG_006852,0.350275064814483
SG_006860,0.34368848180689643
SG_006861,0.31816608016518766
SG_006863,0.30092805416670576
SG_006866,0.3275303800473369
SG_006868,0.3246345739386929
SG_006874,0.28431716235940274
SG_006877,0.3739298553602186
SG_006879,0.36004258285937935
SG_006880,0.3218105367517584
SG_006881,0.38803570424906586
SG_006889,0.19683224755222878
SG_006890,0.42569993041402043
SG_006897,0.45697509519946244
SG_006901,0.30417558722324595
SG_006908,0.33837099007428334
SG_006910,0.32269513996889265
SG_006914,0.4481819238148726
SG_006918,0.35822347785826625
SG_006924,0.30558705122331087
SG_006925,0.36692165902360285
SG_006927,0.318773552619532
SG_006929,0.3272773010467137
SG_006937,0.38922762925112997
SG_006938,0.25638127370733077
SG_006940,0.37387125645522024
SG_006942,0.25827744877641745
SG_006945,0.23067839037937726
SG_006949,0.3874362231258405
SG_006950,0.4068756421806812
SG_006951,0.361322495067666
SG_006953,0.26217705118486717
SG_006954,0.31195175813689446
SG_006956,0.40599893034186507
SG_006957,0.4603462030881562
SG_006962,0.321895237764125
SG_006963,0.23363404161194096
SG_006964,0.30183886043173597
SG_006966,0.24781339052283305
SG_006970,0.37816050045671806
SG_006971,0.40974858237100353
SG_006972,0.30668862549837406
SG_006974,0.5082478920675803
SG_006977,0.34162211282035615
SG_006978,0.23737460516579836
SG_006981,0.40577031259686797
SG_006982,0.5006717123940309
SG_006983,0.20525087346529164
SG_006984,0.29257861389927375
SG_006987,0.3381532677868113
SG_006994,0.30500904470193757
SG_006997,0.2516566645013615
SG_007002,0.26851899637950827
SG_007005,0.3201762966393822
SG_007009,0.3771844048226304
SG_007011,0.3217890309493258
SG_007017,0.3122582571166759
SG_007018,0.2768636217698601
SG_007019,0.32527757539366015
SG_007029,0.346420689072394
SG_007030,0.2601723623166072
SG_007033,0.36859270544557476
SG_007040,0.30835960299247966
SG_007047,0.3505043694436169
SG_007054,0.3041352088335921
SG_007055,0.4301034638677404
SG_007056,0.3969345341988683
SG_007061,0.29821719743835956
SG_007062,0.32967251138631243
SG_007067,0.34457731168589
SG_007068,0.3673533089955402
SG_007069,0.4443522662835906
SG_007073,0.230400205253358
SG_007075,0.37203837137143814
SG_007076,0.1987800253325973
SG_007078,0.4128552779094124
SG_007080,0.3195692363868775
SG_007091,0.318095118196537
SG_007095,0.3713874835870052
SG_007100,0.3344684910252159
SG_007104,0.3597334583235482
SG_007112,0.3655538193348926
SG_007114,0.3718067414792335
SG_007127,0.2376939313560376
SG_007130,0.2751574048111679
SG_007133,0.37226025369594784
SG_007136,0.25532417745877156
SG_007138,0.40752900801447534
SG_007139,0.3780277794684282
SG_007143,0.35841784709165314
SG_007146,0.3587410915347194
SG_007150,0.33855228692352857
SG_007155,0.3197159665933408
SG_007157,0.3586531285638583
SG_007160,0.38098270091627573
SG_007162,0.30256386973739446
SG_007163,0.3385185241290292
SG_007166,0.36855844123400106
SG_007168,0.29736996009949074
SG_007170,0.36052251471760627
SG_007179,0.41036565927767876
SG_007181,0.27661987338595156
SG_007183,0.36076818282478706
SG_007186,0.18756016630921107
SG_007202,0.32272929674470374
SG_007203,0.3731798136654755
SG_007204,0.3600448338001512
SG_007205,0.33384682095349927
SG_007210,0.4732411774490266
SG_007212,0.40598883519072754
SG_007215,0.2140460272661045
SG_007218,0.3799106924387433
SG_007226,0.3710215538434243
SG_007229,0.3012423894576396
SG_007231,0.37314200449077806
SG_007234,0.3305617174644925
SG_007237,0.4373646560111225
SG_007239,0.24517520311052354
SG_007240,0.36325143130665205
SG_007249,0.4054371398989
SG_007252,0.2198831658785031
SG_007255,0.25709571033022793
SG_007256,0.3527244510507539
SG_007257,0.35904017233655344
SG_007263,0.3851390624390045
SG_007264,0.2791526147016648
SG_007265,0.3803391204403954
SG_007268,0.33352939955806027
SG_007271,0.39398441561436753
SG_007275,0.32978165406556326
SG_007280,0.33976985628275347
SG_007281,0.4193095082564764
SG_007282,0.33723689574211124
SG_007283,0.29838960136431836
SG_007287,0.3394618155347381
SG_007288,0.35518803479652106
SG_007301,0.3601200388015947
SG_007307,0.3963964503365113
SG_007310,0.2977583622041852
SG_007312,0.3403162500300821
SG_007314,0.40978240802157484
SG_007319,0.34220880941839327
SG_007326,0.27444098555861324
SG_007331,0.2887980753846606
SG_007333,0.37506886905583686
SG_007334,0.4037727432577736
SG_007338,0.2314006705792896
SG_007340,0.4231709163478145
SG_007345,0.253482618564488
SG_007349,0.30569629908575857
SG_007356,0.3243036953243187
SG_007358,0.19990981205286168
SG_007368,0.35265133765660095
SG_007370,0.25510563459729796
SG_007371,0.3818460688682369
SG_007372,0.3599742935172026
SG_007375,0.281682499719362
SG_007378,0.31026682255757543
SG_007379,0.28139857670540486
SG_007380,0.39229520293195563
SG_007383,0.31423156970809885
SG_007384,0.3218589435342926
SG_007389,0.38573131748530204
SG_007390,0.2527600718097838
SG_007401,0.43387261580067693
SG_007403,0.2886025222358328
SG_007406,0.31653395254036143
SG_007409,0.3964537495861284
SG_007410,0.4410720013992385
SG_007413,0.3805290319825857
SG_007416,0.27642844792099075
SG_007419,0.2638742786388504
SG_007420,0.45092449994598444
SG_007423,0.3954447273188154
SG_007424,0.47237824949231366
SG_007428,0.40772613532560587
SG_007433,0.35062607187124806
SG_007434,0.2247309917411494
SG_007437,0.23378646562169395
SG_007441,0.3601296103457763
SG_007443,0.43390441650034917
SG_007450,0.2915400731102822
SG_007452,0.3273725675786735
SG_007455,0.3567559138383288
SG_007462,0.25277351921287444
SG_007464,0.318509858446919
SG_007466,0.2930871928661638
SG_007469,0.2508439299872201
SG_007470,0.4491240217941951
SG_007472,0.27882752761340274
SG_007476,0.4096805987330605
SG_007486,0.4389811622974349
SG_007489,0.32128669203509846
SG_007490,0.3230846100399274
SG_007495,0.4614429463738613
SG_007499,0.38779219091567074
SG_007506,0.3307518477075733
SG_007508,0.3111964894851877
SG_007509,0.28221718815463837
SG_007517,0.33731862090932124
SG_007518,0.4054560139524722
SG_007522,0.42036183573275077
SG_007524,0.31044105448062276
SG_007527,0.3022287001800582
SG_007535,0.3724418642268193
SG_007540,0.43474758903889443
SG_007546,0.44496070294660095
SG_007552,0.4139574979348909
SG_007553,0.34356371401287117
SG_007557,0.264853810305285
SG_007558,0.38563869342260504
SG_007560,0.3886114856764137
SG_007568,0.22614412573052337
SG_007571,0.3810738349047669
SG_007573,0.27398624005523864
SG_007577,0.32160837202223785
SG_007578,0.40938932546373363
SG_007579,0.20595720755182345
SG_007582,0.41778511483259556
SG_007586,0.2740334462567316
SG_007587,0.3990672629274674
SG_007589,0.3167420788061404
SG_007591,0.27659423846886455
SG_007595,0.3473324588119515
SG_007597,0.3885343950499963
SG_007599,0.28303370251041693
SG_007602,0.36646284644539867
SG_007605,0.3201663283494131
SG_007609,0.29829846876232946
SG_007614,0.3245175765015751
SG_007620,0.3365815801713309
SG_007628,0.38274811637046
SG_007630,0.40359974688012085
SG_007646,0.33689599135894366
SG_007648,0.2806781049657418
SG_007654,0.35426933118402926
SG_007655,0.3833434602253819
SG_007656,0.4609365591184501
SG_007657,0.40198194039538115
SG_007658,0.3092457988909094
SG_007659,0.43646312257595093
SG_007660,0.3330969048050184
SG_007663,0.2631788582267543
SG_007665,0.44769945157373287
SG_007667,0.36215357113129276
SG_007670,0.38167823577555426
SG_007678,0.3006182871076978
SG_007679,0.48639786320073647
SG_007681,0.2953901522199624
SG_007685,0.302175746663747
SG_007686,0.4257092780489599
SG_007687,0.3457420210590987
SG_007688,0.3641985077835921
SG_007691,0.28609849356034645
SG_007696,0.3540422064824488
SG_007698,0.24731288726916323
SG_007700,0.4311457029376455
SG_007703,0.28654786747237526
SG_007704,0.3618395625338603
SG_007706,0.37563006159823276
SG_007711,0.3229722375423334
SG_007712,0.4142864275196857
SG_007714,0.370009815263456
SG_007717,0.3352528157427964
SG_007719,0.30656165549412706
SG_007720,0.3538206087173936
SG_007721,0.29870930793569855
SG_007728,0.3024749198717311
SG_007737,0.432157699228055
SG_007741,0.2993714921478239
SG_007742,0.3323523794184294
SG_007744,0.28176935100777145
SG_007746,0.40204349582589227
SG_007748,0.2833063757377974
SG_007750,0.2287753277057339
SG_007751,0.23878242281983636
SG_007752,0.2493166625557761
SG_007758,0.3941103549944635
SG_007760,0.3662014396144533
SG_007762,0.4117739913102596
SG_007770,0.32148733367789273
SG_007772,0.34881966154840505
SG_007776,0.2835551883350567
SG_007780,0.38000774009485705
SG_007781,0.3685442954910311
SG_007782,0.26100839444264856
SG_007787,0.30605435449105134
SG_007800,0.43292653120694724
SG_007801,0.30825495608177056
SG_007804,0.2246312561651444
SG_007805,0.3844187715337639
SG_007807,0.3857911405208134
SG_007808,0.4323462032819659
SG_007813,0.38238740336175314
SG_007815,0.14469409625700974
SG_007817,0.36403594602182704
SG_007818,0.34798953391594895
SG_007820,0.34001431847434505
SG_007822,0.36464648606915817
SG_007823,0.3340832832692705
SG_007824,0.2580832615674562
SG_007834,0.3514539913237771
SG_007836,0.30469664015533815
SG_007839,0.24361594569540326
SG_007842,0.2307986527762761
SG_007844,0.29563471273810227
SG_007846,0.34525280339681264
SG_007849,0.34132024233210695
SG_007858,0.39667144474228555
SG_007864,0.4282791463579779
SG_007866,0.31215813854837654
SG_007875,0.3852908072114509
SG_007876,0.34573525259221666
SG_007880,0.3764171284815118
SG_007884,0.3892956378134165
SG_007889,0.4445944608080521
SG_007892,0.30530230154862625
SG_007897,0.29459248487779804
SG_007898,0.354935093808296
SG_007899,0.31581372623979365
SG_007901,0.3021464976875958
SG_007908,0.4536624080889097
SG_007910,0.36239124341293744
SG_007922,0.23429650638046615
SG_007923,0.3462327843119929
SG_007926,0.40326299605825033
SG_007931,0.2932306121326488
SG_007933,0.3722958220382775
SG_007939,0.32113852915801455
SG_007940,0.37086441692464556
SG_007946,0.24785142766840518
SG_007947,0.25437995947166137
SG_007948,0.26859287071153537
SG_007954,0.239432325435543
SG_007957,0.23650663614024126
SG_007960,0.4108757800057734
SG_007964,0.32651520997163286
SG_007965,0.3276229439871513
SG_007980,0.4537839232618651
SG_007985,0.24384136293783204
SG_007992,0.3271292132665467
SG_007996,0.3767442861772249
SG_007998,0.368282061667299
SG_007999,0.3053290722058927
SG_008014,0.23564156376745912
SG_008015,0.31695818386669455
SG_008020,0.2774420174493886
SG_008026,0.32073340875871703
SG_008033,0.3051197124311541
SG_008043,0.31454611228644846
SG_008050,0.2859288264909139
SG_008055,0.3406498992668122
SG_008056,0.3005675184713006
SG_008058,0.43166854642276253
SG_008067,0.3488659478545654
SG_008074,0.41076525465423797
SG_008076,0.28760280207151084
SG_008081,0.3547771678160151
SG_008091,0.33749876098254555
SG_008099,0.24040259510317005
SG_008100,0.3400776920448769
SG_008101,0.24745348519895483
SG_008104,0.33792007182053274
SG_008115,0.359351259473078
SG_008117,0.33814627214448456
SG_008118,0.3595042105565829
SG_008127,0.25673107351742586
SG_008131,0.3914594893236789
SG_008133,0.39184539516299566
SG_008137,0.4012322247993499
SG_008140,0.37887453003237265
SG_008141,0.4192269239463704
SG_008145,0.23903178257396027
SG_008152,0.23358595825716585
SG_008156,0.39672556144099147
SG_008160,0.31110763325034685
SG_008164,0.42618028452791573
SG_008167,0.4066772969367543
SG_008175,0.3092542485687979
SG_008176,0.35415480018548684
SG_008183,0.35837409258595276
SG_008188,0.3590545652808613
SG_008191,0.27808794227589706
SG_008192,0.30511646157402084
SG_008193,0.22500158850793023
SG_008195,0.39185985611181395
SG_008202,0.4171887347324572
SG_008213,0.39920413407600097
SG_008217,0.4674437053238104
SG_008224,0.3443230070742128
SG_008228,0.41458780568604625
SG_008229,0.3187270054119836
SG_008237,0.2945162085602454
SG_008242,0.3024787994103171
SG_008246,0.32764063115947595
SG_008248,0.36579128168704916
SG_008249,0.4031281333116991
SG_008253,0.4122681112787284
SG_008257,0.38709211130823884
SG_008261,0.35565129501870674
SG_008264,0.38611071030427035
SG_008265,0.35373431112535614
SG_008281,0.2720198337713824
SG_008283,0.2529883383553201
SG_008287,0.26590680181060683
SG_008291,0.4701050737959916
SG_008293,0.3096892461404085
SG_008294,0.22924678178823052
SG_008296,0.34680894831246023
SG_008298,0.3798863193001799
SG_008309,0.321981548163184
SG_008310,0.3211674725490148
SG_008312,0.26815068217750676
SG_008316,0.3869722360123758
SG_008317,0.1989124296815889
SG_008318,0.29108268236983037
SG_008327,0.24322778917257587
SG_008330,0.3425967518558807
SG_008333,0.16944150351028298
SG_008336,0.3978529110369634
SG_008345,0.24345562082373506
SG_008347,0.26012911250236126
SG_008355,0.40818570800788656
SG_008358,0.328339235916303
SG_008359,0.4446283754648353
SG_008360,0.34333354039172426
SG_008361,0.25811333707786255
SG_008362,0.37747973565896625
SG_008365,0.34193941243471393
SG_008366,0.3896868899982997
SG_008375,0.2874499143542403
SG_008376,0.39752600552034306
SG_008382,0.3176714048020286
SG_008383,0.33714133744184865
SG_008388,0.37874445527445366
SG_008389,0.3958259871888751
SG_008392,0.2913598328807017
SG_008396,0.31964929023406324
SG_008402,0.35859650406505467
SG_008410,0.30690964032589285
SG_008413,0.40732222787415484
SG_008417,0.3733219090162854
SG_008420,0.43662519678946454
SG_008422,0.37050006580103756
SG_008435,0.401634458923778
SG_008440,0.2498678099292373
SG_008441,0.3374524178729926
SG_008442,0.3506423048691826
SG_008443,0.2522618597721902
SG_008444,0.2735253395893388
SG_008449,0.3983123198256039
SG_008452,0.3847929433460756
SG_008457,0.365386373561729
SG_008459,0.35114608202422404
SG_008462,0.3122591454587638
SG_008467,0.4591764162619907
SG_008468,0.3757917993449247
SG_008478,0.24914611696884253
SG_008482,0.34967940930501906
SG_008484,0.3624176876184509
SG_008485,0.3353691736650255
SG_008494,0.3554637644758972
SG_008497,0.3063784367939217
SG_008498,0.29506773265697966
SG_008500,0.4369755792882114
SG_008501,0.310514310626964
SG_008504,0.3489850266581062
SG_008506,0.3526282599497668
SG_008512,0.3358170727438816
SG_008514,0.47065428873847603
SG_008517,0.38964572739752223
SG_008522,0.287100419244089
SG_008527,0.28548607060310827
SG_008529,0.34802589845348025
SG_008531,0.17248099615114182
SG_008534,0.4080841236859927
SG_008535,0.22665926460429386
SG_008536,0.2920933826958285
SG_008538,0.4044330471261258
SG_008541,0.3413768684635476
SG_008542,0.39155028341621123
SG_008545,0.4265807939487461
SG_008547,0.3095081464694138
SG_008549,0.3819581267083819
SG_008550,0.26793191123745874
SG_008551,0.34838931363077974
SG_008553,0.32373690606147115
SG_008555,0.34056309119338796
SG_008557,0.3679214198525079
SG_008561,0.3191876851011338
SG_008564,0.27217752389776056
SG_008565,0.4192983683342456
SG_008568,0.306107638214977
SG_008569,0.37428802400746136
SG_008570,0.35047810742646973
SG_008572,0.2891187508031944
SG_008574,0.4031325463968129
SG_008575,0.31737851504406916
SG_008576,0.17312038137451044
SG_008577,0.4218398097397742
SG_008580,0.30246768364147814
SG_008586,0.39278230146870696
SG_008594,0.3620430745524173
SG_008598,0.3312689066255487
SG_008600,0.4197225066441655
SG_008614,0.33526277683406136
SG_008615,0.3747343059982638
SG_008617,0.3242446306887544
SG_008624,0.39352517454265
SG_008630,0.3785993574689116
SG_008635,0.2841324810693563
SG_008636,0.3707796767481796
SG_008639,0.3231482553877514
SG_008645,0.358450148617267
SG_008646,0.2690483515400972
SG_008650,0.36677105791198544
SG_008653,0.4624247643597953
SG_008669,0.3964756083996127
SG_008671,0.36854702875509515
SG_008689,0.37583495252025556
SG_008691,0.37042978921934444
SG_008693,0.3746774753204172
SG_008708,0.27615066811145156
SG_008714,0.42491336865854806
SG_008726,0.2831986045671082
SG_008727,0.4046885359488771
SG_008729,0.36505464126688303
SG_008734,0.435269824040289
SG_008735,0.34126294176304806
SG_008737,0.35922150029160294
SG_008739,0.18310746261218547
SG_008745,0.46174724700562586
SG_008749,0.28550309994676165
SG_008755,0.3795523485754565
SG_008759,0.35375196617758564
SG_008766,0.3626414960873081
SG_008769,0.3248625621168686
SG_008770,0.38531664573268953
SG_008771,0.2998979572675822
SG_008773,0.42485624051182636
SG_008774,0.43312114618776937
SG_008776,0.24674787900580453
SG_008777,0.36184927930808475
SG_008780,0.36300577511580523
SG_008782,0.40199955256727904
SG_008784,0.3743449635832534
SG_008785,0.2943274589522087
SG_008787,0.33116357460945267
SG_008789,0.3931735291660617
SG_008793,0.3806497624742895
SG_008798,0.27902145885816393
SG_008810,0.27248536422797076
SG_008816,0.412857719457628
SG_008823,0.4082977071979779
SG_008824,0.2711966204940849
SG_008825,0.3552823813091286
SG_008828,0.3979641863431743
SG_008836,0.23128693227763406
SG_008839,0.3435794688310674
SG_008840,0.21631117642766481
SG_008841,0.39061543725281794
SG_008843,0.3825106083323622
SG_008844,0.37428212632789404
SG_008845,0.36472002863805886
SG_008849,0.37234470347407056
SG_008850,0.34003120344149007
SG_008853,0.3238159244236069
SG_008855,0.317411277835015
SG_008859,0.3552143404284338
SG_008862,0.33874660109147026
SG_008864,0.29570058680028166
SG_008865,0.32152315657013886
SG_008866,0.2171055681210809
SG_008867,0.5310738323632789
SG_008869,0.39959761749052064
SG_008876,0.35754384524965716
SG_008881,0.38706890629641977
SG_008883,0.2903902180720706
SG_008888,0.20798702537861
SG_008889,0.3909933898576935
SG_008895,0.35376134819714333
SG_008897,0.2770310726173919
SG_008901,0.30757974973760094
SG_008905,0.19166023075536703
SG_008907,0.3185466414228714
SG_008908,0.2537730744673804
SG_008910,0.3854024123472096
SG_008913,0.40251430523663356
SG_008914,0.2485299676604596
SG_008917,0.2786056940036781
SG_008919,0.29365144794894504
SG_008920,0.3730707138292795
SG_008925,0.2728999520222012
SG_008926,0.362462655312768
SG_008927,0.2161540631464488
SG_008930,0.3517772237760554
SG_008932,0.33664515647626414
SG_008934,0.31418163764242835
SG_008937,0.2965971490029148
SG_008940,0.2633097274519224
SG_008943,0.34468698250576957
SG_008947,0.3201912953498183
SG_008955,0.30105977943617485
SG_008960,0.39210283980766664
SG_008962,0.29413818429477895
SG_008964,0.33572316965568383
SG_008965,0.2291563653157612
SG_008966,0.24831279452087437
SG_008971,0.3361770230001363
SG_008972,0.2351508941200084
SG_008976,0.3747282512350188
SG_008978,0.2501749819520381
SG_008983,0.3236479683354677
SG_008989,0.467011886546596
SG_008990,0.30941024155883373
SG_008994,0.3966892006228388
SG_008996,0.41456798564087627
SG_008998,0.26582721907094303
SG_008999,0.27775199952131646
SG_009001,0.38349050086611436
SG_009005,0.3650806722170432
SG_009006,0.2870792384286688
SG_009011,0.3938959805541217
SG_009017,0.2851064657770661
SG_009018,0.2902274110205333
SG_009032,0.39296047152317104
SG_009034,0.26913387989531085
SG_009043,0.4092569928087171
SG_009047,0.35975137085722675
SG_009048,0.283522061928175
SG_009053,0.2878998820845108
SG_009055,0.37178063527043126
SG_009058,0.2533576594352492
SG_009063,0.3648345020403376
SG_009064,0.37718087369113135
SG_009065,0.30353429659315634
SG_009069,0.28161155021039497
SG_009070,0.2537803427709563
SG_009072,0.3569035015597437
SG_009075,0.2885788335450966
SG_009079,0.23845424660481696
SG_009080,0.37618707645350946
SG_009081,0.31368037181670405
SG_009083,0.28963267163625217
SG_009085,0.24155193436297928
SG_009091,0.4112974122902674
SG_009093,0.24728138887315398
SG_009100,0.2501279874277757
SG_009109,0.4069036267737821
SG_009115,0.2526601423824476
SG_009119,0.3295034443594082
SG_009120,0.4116606840633169
SG_009123,0.4082666110229821
SG_009124,0.33331553141807674
SG_009127,0.2780402607165995
SG_009128,0.3283650781229107
SG_009135,0.40064737199933675
SG_009136,0.4274459821390719
SG_009139,0.30294444999315107
SG_009146,0.4893280097783796
SG_009147,0.3950409056156651
SG_009149,0.23788764203283436
SG_009150,0.3990713204063464
SG_009152,0.3464010983985597
SG_009153,0.3709597134857821
SG_009159,0.360358858973657
SG_009168,0.43023004661236575
SG_009169,0.41905520611764174
SG_009170,0.2283225522718409
SG_009172,0.33656824749421105
SG_009176,0.31167635791098175
SG_009179,0.35960756804567107
SG_009183,0.39302052503949053
SG_009193,0.4013671204469931
SG_009196,0.32386638468840234
SG_009199,0.33803047020539634
SG_009202,0.34663995516264823
SG_009203,0.27538004195884047
SG_009204,0.20899900787493003
SG_009206,0.30211122947991154
SG_009207,0.40735825489062594
SG_009209,0.2827740471902912
SG_009210,0.3349110740324285
SG_009214,0.3385077365524997
SG_009220,0.3550989041751146
SG_009223,0.2685512993188821
SG_009224,0.3917934962530001
SG_009225,0.2630593416816226
SG_009226,0.42392225999211597
SG_009229,0.32234896912685396
SG_009230,0.3661579973014861
SG_009236,0.3377088065299612
SG_009242,0.30897304209374776
SG_009246,0.3978878138769234
SG_009250,0.29737971407529584
SG_009253,0.37242676017335197
SG_009266,0.4578544243266426
SG_009268,0.40325144950378833
SG_009272,0.4235455200739459
SG_009273,0.31139944349611287
SG_009274,0.40453454481525136
SG_009277,0.3453293516396762
SG_009278,0.3181977676878926
SG_009279,0.2622024801014458
SG_009280,0.29541434642486974
SG_009281,0.38918360623167325
SG_009289,0.2870242113904494
SG_009290,0.3009378442962825
SG_009299,0.2960273787727264
SG_009300,0.3252527074567745
SG_009305,0.2823767788166789
SG_009307,0.4030825216527548
SG_009319,0.27917015731753614
SG_009328,0.2883021044325468
SG_009333,0.2799309854704519
SG_009335,0.3178546140786547
SG_009341,0.32857702123331095
SG_009347,0.28480261157049025
SG_009354,0.3880925118545975
SG_009355,0.46919912743462777
SG_009357,0.32613937168837054
SG_009362,0.40656526715608055
SG_009363,0.36922037454047696
SG_009365,0.33885736674734307
SG_009366,0.4225651772437544
SG_009367,0.31179424337194317
SG_009370,0.37380237716363346
SG_009386,0.3635806751545263
SG_009392,0.277423006107615
SG_009398,0.34026610495073345
SG_009400,0.3246853835775693
SG_009402,0.40648976244884627
SG_009403,0.39364035956727733
SG_009404,0.32609797618504643
SG_009406,0.2851293119108943
SG_009407,0.37482210761002266
SG_009408,0.19625669125555031
SG_009409,0.1916187929986636
SG_009410,0.4744606428021545
SG_009411,0.2942408694809332
SG_009412,0.28627529384863865
SG_009413,0.19327031543802695
SG_009415,0.35721805642203314
SG_009417,0.3992138441846694
SG_009419,0.2847840680520002
SG_009425,0.4007691666394559
SG_009426,0.2326063804123003
SG_009427,0.32014634643103
SG_009429,0.22459977200562115
SG_009434,0.2855866160929393
SG_009438,0.3147256287599574
SG_009441,0.34459028458925467
SG_009442,0.3135998264666437
SG_009444,0.3919925160426434
SG_009445,0.3474973626545341
SG_009446,0.2692449148913148
SG_009447,0.33533489991110643
SG_009449,0.32252616091879965
SG_009455,0.2861715551477529
SG_009458,0.3876415699147663
SG_009461,0.43188441202204914
SG_009462,0.3958085275186615
SG_009466,0.28368646179953894
SG_009473,0.2485162267030625
SG_009478,0.38084767082595683
SG_009479,0.39037440985463034
SG_009481,0.27523236658065364
SG_009485,0.19257116430196408
SG_009490,0.46707088764869864
SG_009496,0.24973050655673196
SG_009500,0.3129397007138097
SG_009502,0.4786776103927983
SG_009504,0.4372524760986397
SG_009505,0.3013555285981986
SG_009516,0.3003113917816077
SG_009518,0.31312700712303365
SG_009519,0.4275294854933571
SG_009528,0.36932719803036207
SG_009529,0.37938072298149705
SG_009530,0.35798521513091053
SG_009533,0.4248776679888179
SG_009537,0.29046437118914303
SG_009539,0.28328432966000155
SG_009540,0.27028481507752217
SG_009541,0.39512404657701805
SG_009544,0.2187121174796861
SG_009556,0.253101050216219
SG_009558,0.3304317188113767
SG_009566,0.37776541531975477
SG_009567,0.29590224093220496
SG_009569,0.25668191824564246
SG_009573,0.29257420462584366
SG_009577,0.189482868970473
SG_009581,0.358387681186449
SG_009582,0.2666780385483205
SG_009584,0.278568943013937
SG_009585,0.4504393662086119
SG_009589,0.2914817614201935
SG_009592,0.3134744522537481
SG_009593,0.3467820104404188
SG_009602,0.2995016222399593
SG_009614,0.3285251255872415
SG_009616,0.32347586690803076
SG_009618,0.36940492987318907
SG_009619,0.34274482270616824
SG_009620,0.3570223502754679
SG_009622,0.24911868542135096
SG_009630,0.34649878145301605
SG_009632,0.37363912400152444
SG_009639,0.3221168494261527
SG_009649,0.4150517733781371
SG_009651,0.4297679847250307
SG_009661,0.2390981589498787
SG_009670,0.31283743415558385
SG_009671,0.4126512264424173
SG_009679,0.39225460555204084
SG_009681,0.2966723719477633
SG_009683,0.33613366673299083
SG_009687,0.37164775552122553
SG_009690,0.3551889874886476
SG_009691,0.43111127294501883
SG_009694,0.36074251820443376
SG_009696,0.41713623068633715
SG_009701,0.38568349891518355
SG_009702,0.30022053681870775
SG_009707,0.3692962594616339
SG_009716,0.26157822635593103
SG_009718,0.3611087183434191
SG_009727,0.3558673781038516
SG_009736,0.29748564545909095
SG_009741,0.36899032169218693
SG_009744,0.3472638177414632
SG_009746,0.31086214945330104
SG_009747,0.41576993701454257
SG_009751,0.2999095021547381
SG_009754,0.37311063209802564
SG_009757,0.29100174633647247
SG_009759,0.3880194626277533
SG_009760,0.4194161272449956
SG_009762,0.3215345307988705
SG_009763,0.37863898094212634
SG_009766,0.2727517251937251
SG_009776,0.38076275212009225
SG_009778,0.4512931235428738
SG_009780,0.38956576847765223
SG_009782,0.3982328763679931
SG_009783,0.27941508186227376
SG_009785,0.3702222096088513
SG_009786,0.3011431512907053
SG_009791,0.36037509511526494
SG_009794,0.3618184199977088
SG_009795,0.4034519422368654
SG_009799,0.392518213454168
SG_009800,0.3635657384509646
SG_009814,0.38769111843617027
SG_009819,0.26687970242364545
SG_009824,0.32188161272953697
SG_009825,0.4320623855793376
SG_009829,0.36810800950956035
SG_009834,0.23431632613851128
SG_009837,0.3808702486573379
SG_009838,0.298607430610277
SG_009843,0.3612692273415267
SG_009845,0.3445502522316402
SG_009851,0.36420153665219246
SG_009855,0.417058500006745
SG_009856,0.3942070137685548
SG_009862,0.38678039823703136
SG_009865,0.38059111306730065
SG_009867,0.38029762333517136
SG_009868,0.39250725492541516
SG_009869,0.24207663786212363
SG_009870,0.3499496260664881
SG_009875,0.33174738112768076
SG_009876,0.3642145044775379
SG_009877,0.40021639847828616
SG_009878,0.457989637191496
SG_009880,0.44113055852694383
SG_009881,0.40942837579404856
SG_009895,0.3958437885628677
SG_009905,0.3689356175649927
SG_009909,0.40835123321054156
SG_009914,0.37415605445669686
SG_009916,0.3510463430766768
SG_009921,0.2616906446563808
SG_009923,0.43832727041401665
SG_009926,0.34969955852027496
SG_009929,0.4307957018992224
SG_009932,0.39852905617510326
SG_009933,0.3102999252450701
SG_009935,0.2696019775998285
SG_009936,0.29479362835692835
SG_009937,0.3148336539690041
SG_009941,0.36711043042970426
SG_009942,0.4206486524363725
SG_009953,0.450705403766527
SG_009956,0.23746834023487415
SG_009959,0.3327019821844688
SG_009964,0.3853554271213582
SG_009972,0.3391463616332122
SG_009977,0.35500398421861584
SG_009979,0.3316733325496751
SG_009982,0.32386338595512926
SG_009985,0.35099620638291706
SG_009987,0.17688709539282454
SG_009989,0.3673466733132374
SG_009993,0.31587899917765955
SG_009997,0.31615048504310067
SG_009999,0.30510271966537866
SG_010002,0.4146104832344861
SG_010007,0.39016223722109183
SG_010008,0.3395175209608123
SG_010009,0.22511968201806978
SG_010010,0.3270095877861333
SG_010011,0.2919802989229051
SG_010012,0.3352049064782573
SG_010014,0.30110733754867813
SG_010015,0.32335657241781396
SG_010019,0.2603916537385044
SG_010020,0.31315831705884756
SG_010021,0.2942810532709765
SG_010024,0.2933485749314879
SG_010025,0.3618060593884519
SG_010034,0.3552312965639143
SG_010037,0.2876592521379794
SG_010038,0.4116929853171604
SG_010042,0.3492813354065881
SG_010045,0.3670574248001336
SG_010047,0.32246221989880536
SG_010048,0.3566434928947333
SG_010050,0.35916567783260156
SG_010052,0.2900131219382479
SG_010058,0.2863270918124065
SG_010061,0.3552950034704312
SG_010068,0.3229333602318058
SG_010069,0.28778380876316867
SG_010074,0.3829911359405706
SG_010078,0.25833524275334335
SG_010081,0.281435369011802
SG_010084,0.3298498910159551
SG_010085,0.2815918819122678
SG_010086,0.3959923619087068
SG_010088,0.3225363776274873
SG_010091,0.21052519892005533
SG_010092,0.34805391770725846
SG_010099,0.3620149173749335
SG_010101,0.3086398540748797
SG_010103,0.3353607419953595
SG_010104,0.33236784003826114
SG_010106,0.4314727422116399
SG_010109,0.3766633748671444
SG_010115,0.21102686678026036
SG_010116,0.35589229020859087
SG_010117,0.3545867603409115
SG_010123,0.4532798944891843
SG_010130,0.2162124005236417
SG_010132,0.24192322775412609
SG_010134,0.4122996582408704
SG_010142,0.38511336211161773
SG_010144,0.3149450665414372
SG_010146,0.25526041286171436
SG_010151,0.2303654293009105
SG_010153,0.4548190707388208
SG_010155,0.3099323790168439
SG_010157,0.44121089947960845
SG_010165,0.282286239902633
SG_010166,0.3172739252225513
SG_010169,0.2969664093319953
SG_010170,0.3335345529477609
SG_010172,0.3077519231754391
SG_010173,0.30400962665375364
SG_010174,0.3163887085105157
SG_010175,0.3825572779172619
SG_010176,0.33490504987110786
SG_010182,0.18545782020643442
SG_010183,0.3792671929723883
SG_010184,0.47816474109097723
SG_010187,0.3422727515229251
SG_010195,0.2769820213958174
SG_010198,0.30842878528548784
SG_010199,0.27105730954911966
SG_010200,0.28395306084547384
SG_010204,0.3714239094074127
SG_010206,0.3928019971325293
SG_010208,0.23952874494533422
SG_010209,0.25666733585215074
SG_010210,0.35217424270695075
SG_010213,0.31908052066859094
SG_010217,0.3134325384496593
SG_010226,0.357247387652266
SG_010227,0.3407854987042749
SG_010234,0.25667756550881066
SG_010235,0.3548173264048489
SG_010238,0.4390278004919978
SG_010241,0.3085118277377555
SG_010242,0.299514529447177
SG_010243,0.28831808630054545
SG_010246,0.3319644198191939
SG_010252,0.3788626210436009
SG_010253,0.4747668113661813
SG_010256,0.38471429787767925
SG_010257,0.3200004200193979
SG_010258,0.2619034997802148
SG_010259,0.35586088276315136
SG_010261,0.40154182138888245
SG_010263,0.3544933767181126
SG_010265,0.2636444798762517
SG_010267,0.24734602227614289
SG_010271,0.2622518631392193
SG_010273,0.38752917571427203
SG_010274,0.3220543220902661
SG_010277,0.3836213771228586
SG_010284,0.25673402008024976
SG_010286,0.3776028291672605
SG_010287,0.4667785017439543
SG_010288,0.26538880896501565
SG_010293,0.38264816162038323
SG_010294,0.4179563568517163
SG_010298,0.33548878294407974
SG_010306,0.36114226971064056
SG_010313,0.36238726202147453
SG_010315,0.414451426686628
SG_010316,0.3919075240661929
SG_010319,0.2932046342723996
SG_010320,0.35735677314175895
SG_010322,0.38858408938001293
SG_010323,0.424952506171119
SG_010326,0.33968409394627996
SG_010328,0.3991015875695968
SG_010329,0.4866115087342474
SG_010330,0.35052616109239093
SG_010332,0.24713064152053618
SG_010336,0.3090230794963213
SG_010344,0.2954647635828283
SG_010347,0.44602679862666633
SG_010350,0.3205271426147427
SG_010352,0.5390431866007598
SG_010354,0.2824592709956201
SG_010358,0.3151747178761636
SG_010371,0.2947848783696964
SG_010373,0.3802061914291245
SG_010379,0.20152131259343936
SG_010386,0.3180150401025284
SG_010393,0.27898038054126467
SG_010394,0.3109524989479852
SG_010399,0.40439789530233905
SG_010401,0.23665913611813733
SG_010404,0.31941586811932754
SG_010406,0.2803121425083699
SG_010407,0.3455267713454398
SG_010409,0.48416033533659225
SG_010412,0.40543784885075373
SG_010418,0.3594028704934829
SG_010420,0.15928079223491398
SG_010424,0.42164561816610346
SG_010425,0.3179474339303162
SG_010428,0.4515901223793516
SG_010430,0.4398839829771853
SG_010431,0.3625335870961165
SG_010435,0.2807573624742272
SG_010442,0.37808692705440267
SG_010455,0.2937529832124139
SG_010459,0.3198577722026483
SG_010460,0.35378427627735465
SG_010461,0.3581626322151594
SG_010462,0.23570428165804752
SG_010465,0.16966848404885454
SG_010467,0.30664465617321945
SG_010469,0.32616776786166746
SG_010470,0.31523593291520013
SG_010472,0.18660950189518044
SG_010475,0.30370937469859643
SG_010477,0.36861304857321153
SG_010481,0.36347933237335467
SG_010482,0.21153160404814586
SG_010483,0.4114536688399667
SG_010485,0.30688171244402007
SG_010486,0.32131396441712184
SG_010487,0.3887808600777618
SG_010490,0.3939201835797097
SG_010492,0.33029513906212793
SG_010493,0.2344283519610054
SG_010495,0.36225910946946893
SG_010498,0.3477000851846935
SG_010499,0.3041616724617858
SG_010501,0.41753448466648146
SG_010503,0.22420225239722635
SG_010505,0.35563420793221145
SG_010506,0.3509669505640171
SG_010507,0.28875028182472584
SG_010509,0.2892472371502959
SG_010510,0.30900765536701114
SG_010515,0.39551155540292604
SG_010517,0.3327015639873746
SG_010518,0.3112742273555181
SG_010531,0.4368621909417291
SG_010546,0.3886741476843316
SG_010547,0.2981255124530112
SG_010550,0.37683647437051804
SG_010552,0.23625399419415802
SG_010553,0.36163822508111504
SG_010555,0.26349274230448316
SG_010561,0.30160897860232094
SG_010562,0.3570926997717451
SG_010563,0.2933827409176266
SG_010569,0.3542760489437672
SG_010571,0.3073333023131864
SG_010577,0.26735243761540856
SG_010578,0.25188506759093454
SG_010579,0.3633872704750628
SG_010582,0.24238926164758792
SG_010585,0.3315629526392344
SG_010586,0.4052703190952741
SG_010588,0.3232437742685718
SG_010589,0.2116254443250753
SG_010590,0.38304893750966884
SG_010592,0.4568328554740458
SG_010594,0.31135037679808425
SG_010598,0.3560213900876569
SG_010600,0.3462413788969122
SG_010607,0.29481861240472407
SG_010611,0.4318068324921217
SG_010615,0.3665385691616053
SG_010616,0.3349179907482012
SG_010619,0.25036334495437357
SG_010627,0.35582520851606836
SG_010634,0.2156538617486683
SG_010635,0.34726613505986365
SG_010636,0.3088204320100245
SG_010649,0.4514209958810383
SG_010651,0.33105652346881925
SG_010653,0.2190086192742585
SG_010655,0.35243244072827085
SG_010659,0.3888935290413905
SG_010662,0.41689589145799344
SG_010664,0.4115927306623588
SG_010666,0.2618752739476115
SG_010668,0.24365441117821757
SG_010670,0.4213976150417379
SG_010673,0.33379542398261053
SG_010674,0.384138055738106
SG_010679,0.34794719838060945
SG_010684,0.4220254606668855
SG_010685,0.3519651435784809
SG_010690,0.17453745928489217
SG_010696,0.2853249884786926
SG_010700,0.29983375165459375
SG_010707,0.3925423826922745
SG_010708,0.26721774092343087
SG_010713,0.26284744574664176
SG_010717,0.36043347737684794
SG_010718,0.3690979860106314
SG_010721,0.3984647731227692
SG_010722,0.2691472118037652
SG_010726,0.3808615173219179
SG_010729,0.3064455086177169
SG_010733,0.36792157459107616
SG_010734,0.3777134397091765
SG_010737,0.31313986072185984
SG_010739,0.35804520476091023
SG_010745,0.3908361529407489
SG_010752,0.2901742668129732
SG_010753,0.37096592502998493
SG_010757,0.25124364556023093
SG_010760,0.43661320516746427
SG_010763,0.4023562055438419
SG_010769,0.3723574914052838
SG_010772,0.3459528351109731
SG_010773,0.3151509522958566
SG_010774,0.2772697983859092
SG_010781,0.33715344983532214
SG_010784,0.25999202682627753
SG_010789,0.2684574106009736
SG_010791,0.3624341778390465
SG_010795,0.4094717661755943
SG_010796,0.3985561525028757
SG_010798,0.36459210734757264
SG_010801,0.386926127761945
SG_010803,0.44118963892301977
SG_010808,0.3380038187724277
SG_010809,0.3467971800753466
SG_010810,0.3147885216220101
SG_010814,0.4452686531372716
SG_010816,0.24242183447333804
SG_010818,0.29668533184519347
SG_010824,0.33779357700495094
SG_010828,0.4452275261445685
SG_010830,0.42914322745843086
SG_010831,0.22027000397052854
SG_010837,0.43515973619350873
SG_010843,0.22651227462892742
SG_010844,0.3245746351108242
SG_010845,0.3047778800859874
SG_010846,0.28958127940374634
SG_010847,0.38297602139110115
SG_010853,0.25532990984002624
SG_010857,0.24166386627460076
SG_010860,0.3581677885643698
SG_010863,0.31822544801143626
SG_010865,0.31387061046042974
SG_010870,0.3991615616789168
SG_010871,0.3559827692027401
SG_010872,0.3452164524503042
SG_010876,0.4221905593923325
SG_010881,0.27012277138001606
SG_010882,0.383316760407769
SG_010884,0.4154540493979424
SG_010887,0.3023707719771412
SG_010888,0.30954142419234243
SG_010889,0.3880371228428952
SG_010894,0.32354966024849496
SG_010896,0.3969034139009813
SG_010898,0.34314328615095546
SG_010902,0.2865317687389764
SG_010904,0.4605826311572541
SG_010907,0.33308012391579506
SG_010911,0.3725664964694282
SG_010922,0.32980868819813813
SG_010930,0.2437072541732459
SG_010946,0.408432193881735
SG_010951,0.2684352378830047
SG_010956,0.41481729065125383
SG_010960,0.47611300559461256
SG_010961,0.3105357042016256
SG_010962,0.40093993015200036
SG_010969,0.35207834871298727
SG_010971,0.2678335082652663
SG_010973,0.3860049057964329
SG_010974,0.39468045595356227
SG_010977,0.20903488223828165
SG_010982,0.35555230305320235
SG_010985,0.37780877171934
SG_010986,0.3459001618306996
SG_010987,0.3727831710336881
SG_010993,0.30942821648799196
SG_010995,0.2917049986192188
SG_010998,0.4985243356848909
SG_011003,0.3649389469974123
SG_011010,0.29636713404030063
SG_011012,0.2800980486895001
SG_011016,0.3876283499199627
SG_011017,0.33862863820780453
SG_011025,0.2997383129346271
SG_011031,0.3163754046387538
SG_011050,0.24052921666648175
SG_011052,0.2760639218846505
SG_011053,0.37552905991514524
SG_011055,0.27135896700260176
SG_011057,0.301653098651372
SG_011060,0.21459822353355462
SG_011073,0.3777101282140355
SG_011075,0.3207571830677244
SG_011077,0.34985096954591394
SG_011088,0.3002672397075894
SG_011089,0.2794489921779033
SG_011097,0.24794318407992624
SG_011107,0.3264630357428322
SG_011110,0.35380600878042545
SG_011117,0.37799579656463506
SG_011120,0.3984308050815508
SG_011132,0.29892864851140466
SG_011133,0.32876232817411527
SG_011139,0.49537958883936223
SG_011143,0.43929562195657823
SG_011144,0.2074674303159257
SG_011147,0.39805043162411113
SG_011148,0.3700502174048874
SG_011151,0.2696928271146079
SG_011152,0.4622848443176564
SG_011154,0.26160225747982535
SG_011158,0.3811745996304582
SG_011159,0.44646755314144926
SG_011160,0.37637260095026925
SG_011161,0.41936394155491064
SG_011162,0.36284601337607725
SG_011164,0.2801108829601464
SG_011169,0.3129187945285537
SG_011170,0.2022276884514078
SG_011175,0.3125419930520894
SG_011176,0.3380606451226663
SG_011177,0.2816468224157695
SG_011182,0.3658006514450248
SG_011184,0.2960941064888243
SG_011186,0.3855731857187316
SG_011190,0.26551267366932857
SG_011192,0.45006295225673404
SG_011199,0.3236220786714527
SG_011200,0.3382176180829562
SG_011201,0.2561235556106063
SG_011203,0.32139585914807445
SG_011208,0.49039799257115924
SG_011212,0.3744025149601546
SG_011214,0.32721927161950315
SG_011221,0.40349342620974893
SG_011222,0.35390914019363984
SG_011224,0.30168379098396253
SG_011226,0.2958907330126831
SG_011235,0.39060165590198614
SG_011239,0.19831552715057407
SG_011250,0.29530200074276775
SG_011257,0.37108090150953105
SG_011259,0.3463596575485855
SG_011261,0.2757629143638466
SG_011262,0.38830051046479275
SG_011266,0.3424464696380992
SG_011274,0.30008914956079225
SG_011275,0.24037475967726468
SG_011279,0.3194136916978796
SG_011280,0.36325693931192016
SG_011285,0.27120736681316643
SG_011291,0.3773073153820872
SG_011294,0.2287446886473553
SG_011298,0.3325119373655587
SG_011303,0.3877154049175662
SG_011304,0.3009465918278756
SG_011306,0.31785224763066866
SG_011307,0.32595718765611453
SG_011308,0.38101459955263345
SG_011309,0.40710573771800324
SG_011310,0.34460214496153085
SG_011312,0.4016307440490094
SG_011313,0.3637027015673145
SG_011327,0.2963550906417104
SG_011333,0.3002612767197984
SG_011335,0.33888968053752
SG_011337,0.33392373755749183
SG_011340,0.17709152241918757
SG_011343,0.278745362178099
SG_011345,0.26587370787116227
SG_011347,0.3477977455142056
SG_011350,0.256490051994168
SG_011357,0.3983836287299551
SG_011360,0.37803993342220765
SG_011361,0.43224211978296045
SG_011367,0.28163950725882547
SG_011371,0.30597327958265197
SG_011376,0.24009402902603205
SG_011377,0.39279856753340814
SG_011380,0.3099507721847723
SG_011381,0.2558218992050975
SG_011383,0.21060921250770148
SG_011398,0.3254415378495496
SG_011401,0.35312047651589273
SG_011413,0.3084686204771808
SG_011416,0.3008109781990147
SG_011420,0.2697576713314841
SG_011429,0.3655154305451588
SG_011432,0.205060973245782
SG_011437,0.3726940256170099
SG_011443,0.3250799363481408
SG_011447,0.4157973800984028
SG_011450,0.36385118203929756
SG_011457,0.3756383444165423
SG_011458,0.30291169737665846
SG_011460,0.34792587489030696
SG_011464,0.29482333548095224
SG_011468,0.24791553446515835
SG_011469,0.40677527485972986
SG_011473,0.432353404580591
SG_011475,0.4348826408136203
SG_011479,0.31321817632055016
SG_011482,0.41157188216002394
SG_011483,0.4371209377524077
SG_011492,0.40230103860018057
SG_011493,0.38595187881769905
SG_011497,0.2837581617433926
SG_011503,0.26595959345197695
SG_011504,0.3518437664034604
SG_011505,0.2979562509773355
SG_011512,0.36657208907109945
SG_011519,0.3217712252746302
SG_011526,0.3948403166774918
SG_011527,0.2948701765408971
SG_011528,0.31785010692466453
SG_011532,0.26665741978497404
SG_011541,0.3295390665172055
SG_011544,0.37923887034309267
SG_011547,0.3734085757189436
SG_011548,0.2871413619544795
SG_011552,0.31541285455250406
SG_011566,0.29379325523621047
SG_011567,0.329279697255754
SG_011569,0.31573259941749254
SG_011575,0.27152982185339297
SG_011576,0.4528655284912596
SG_011577,0.37582970581439534
SG_011581,0.3621449724531458
SG_011584,0.330137111638504
SG_011586,0.36080325275079717
SG_011593,0.41401356234865566
SG_011597,0.27037646466612814
SG_011598,0.3931739302644348
SG_011602,0.27835918495122325
SG_011605,0.37519785117661364
SG_011607,0.31492831335213184
SG_011612,0.44728936062105445
SG_011616,0.29168677304724305
SG_011617,0.3128584792230866
SG_011620,0.4302456009264336
SG_011622,0.33163034020074544
SG_011625,0.2766120071232644
SG_011626,0.3289819183455828
SG_011627,0.417023123446957
SG_011632,0.39710617146744914
SG_011633,0.39771783448679743
SG_011635,0.44277649749420833
SG_011638,0.31624875286105764
SG_011640,0.37477117257866216
SG_011645,0.311013146622118
SG_011649,0.34043393290526924
SG_011656,0.29493990947763166
SG_011662,0.2863751489605635
SG_011663,0.3652122107063703
SG_011666,0.2945927191244567
SG_011672,0.23946982098113218
SG_011673,0.3291038209958051
SG_011676,0.39890646730361085
SG_011678,0.31261704022297243
SG_011682,0.386708934651818
SG_011683,0.29927724108200765
SG_011684,0.28451273306523395
SG_011691,0.4342691955008292
SG_011694,0.25212054524705013
SG_011695,0.3845132820414284
SG_011697,0.4388190437310468
SG_011699,0.2658140219077343
SG_011701,0.4021514552864319
SG_011704,0.3772030655528962
SG_011705,0.4000549741611635
SG_011708,0.33408384628097787
SG_011714,0.4274188329153096
SG_011715,0.39393578704082954
SG_011720,0.3287967432392438
SG_011721,0.2557103462551133
SG_011727,0.278251389976908
SG_011728,0.3983520785906356
SG_011729,0.2920918899908188
SG_011731,0.32390509744932583
SG_011736,0.3468099306833417
SG_011737,0.3055233496000595
SG_011747,0.2892521598335602
SG_011749,0.43614417170665537
SG_011750,0.33767185172198844
SG_011752,0.38621686381228626
SG_011757,0.4132405187085118
SG_011764,0.33129523019416623
SG_011767,0.3122939970729961
SG_011769,0.3898197531335672
SG_011770,0.36903566099099044
SG_011772,0.3369210594306917
SG_011773,0.2965396353024138
SG_011777,0.3743987757505314
SG_011779,0.320147350075926
SG_011780,0.2778905173373529
SG_011786,0.3751056583276521
SG_011787,0.404438029830714
SG_011789,0.2531074485237343
SG_011796,0.2701481384486203
SG_011799,0.2870144687318263
SG_011801,0.20628566231191867
SG_011802,0.3593427533887816
SG_011806,0.2656074575936971
SG_011812,0.38288626647244195
SG_011814,0.4137388230956288
SG_011815,0.29398731597751926
SG_011816,0.42100671605149875
SG_011830,0.3061278969666625
SG_011833,0.20002187512943037
SG_011843,0.39345519254827077
SG_011853,0.35528700280836945
SG_011855,0.3274113403229328
SG_011858,0.21039485926316764
SG_011861,0.2512414159953811
SG_011863,0.43296449086200417
SG_011864,0.39258420978523184
SG_011868,0.4287412638894905
SG_011869,0.3924143101138998
SG_011871,0.3498820043922698
SG_011886,0.2312067861573462
SG_011889,0.3590707254177692
SG_011890,0.37044460750205
SG_011894,0.38378187258287466
SG_011896,0.2877432718534574
SG_011898,0.14035698291157508
SG_011900,0.39004506252139537
SG_011918,0.3765177523525336
SG_011922,0.26053329690706334
SG_011925,0.3357103520567043
SG_011926,0.31829997421878164
SG_011927,0.388734966650712
SG_011931,0.3734435359782293
SG_011933,0.27633641743256077
SG_011936,0.23074465154121004
SG_011939,0.25686690011348323
SG_011940,0.3180377767033512
SG_011953,0.37467595407794846
SG_011955,0.4353520715021445
SG_011956,0.3548873548915974
SG_011959,0.3503157923905499
SG_011961,0.42269007786353513
SG_011962,0.45813307747600135
SG_011966,0.47408052697140324
SG_011969,0.2739302776264718
SG_011971,0.21313311391886003
SG_011977,0.39020738328926596
SG_011978,0.31713044464103324
SG_011983,0.32918957943724136
SG_011986,0.36782749065594844
SG_011988,0.30048189912893086
SG_011993,0.3024500613168996
SG_011995,0.42590741358045636
SG_011996,0.2782432102899986
SG_011997,0.37069530203227774
SG_012000,0.3640782867292246
SG_012013,0.34593714701680167
SG_012018,0.3495054717125208
SG_012019,0.3132350612116624
SG_012020,0.4089243885430849
SG_012022,0.282124271607877
SG_012031,0.3719223391488159
SG_012040,0.38086163331636036
SG_012041,0.29145596493837067
SG_012048,0.25890324277891275
SG_012050,0.28950628349061935
SG_012051,0.3333497719297089
SG_012052,0.4023429446824105
SG_012064,0.3608117199551726
SG_012066,0.22839818527749095
SG_012068,0.2695053540053274
SG_012076,0.39971275440795373
SG_012077,0.3108092746013531
SG_012078,0.30046660585821444
SG_012079,0.1405618801503487
SG_012080,0.3972122931013117
SG_012081,0.30038333196681516
SG_012082,0.24221528969066958
SG_012086,0.36055637678341995
SG_012089,0.38967977425768535
SG_012097,0.22799547151535934
SG_012104,0.2465823433718521
SG_012108,0.3851607103385328
SG_012113,0.3639364268883478
SG_012119,0.31754577244056004
SG_012124,0.42375280145553684
SG_012125,0.2650784054962537
SG_012141,0.3107447313348477
SG_012143,0.3357412226957849
SG_012145,0.28421313541569804
SG_012148,0.3945161496790745
SG_012150,0.35559726428975913
SG_012162,0.35423179139102007
SG_012165,0.3077122082799329
SG_012166,0.3597274273152897
SG_012167,0.31042101726547977
SG_012168,0.30887440832391383
SG_012169,0.3319962042218905
SG_012170,0.25822203268970445
SG_012175,0.3060070424910149
SG_012176,0.297436259062505
SG_012177,0.3095543212834364
SG_012181,0.34434613376676004
SG_012186,0.3833768657145036
SG_012190,0.3861137616804823
SG_012192,0.47909350790202193
SG_012194,0.27758977153490333
SG_012195,0.3448630003140223
SG_012198,0.39363153174207777
SG_012199,0.24586257795905436
SG_012205,0.4661152669157058
SG_012206,0.3689846765485826
SG_012211,0.2696296553666799
SG_012212,0.39317806780171183
SG_012213,0.2963872346861988
SG_012216,0.3554180123906151
SG_012217,0.4576517824059003
SG_012218,0.4553637432135681
SG_012220,0.3205421924846256
SG_012225,0.4408566080890734
SG_012230,0.23838165309969384
SG_012232,0.28940436400949665
SG_012234,0.310941958854023
SG_012238,0.30211821332710664
SG_012241,0.33306174699476115
SG_012243,0.2689426743909223
SG_012247,0.3054897677915397
SG_012253,0.3272200764959629
SG_012258,0.4094672797251052
SG_012260,0.34302118681468774
SG_012263,0.3019229183355808
SG_012264,0.4109243182478072
SG_012266,0.5040317899367223
SG_012270,0.20609451742271195
SG_012272,0.2844937162843635
SG_012276,0.3834581948928434
SG_012277,0.29638650779098974
SG_012278,0.3695095847966071
SG_012279,0.33265994090491624
SG_012280,0.39762783259236945
SG_012281,0.45015078216261506
SG_012283,0.446308469852039
SG_012284,0.43547457816000024
SG_012285,0.29348091076948896
SG_012290,0.29239726955982476
SG_012293,0.3650854543281049
SG_012301,0.3647957266504115
SG_012305,0.3678971437345795
SG_012307,0.37338235245781254
SG_012308,0.38514302956003277
SG_012310,0.3720677558361325
SG_012312,0.4934413138232362
SG_012313,0.31290098000284167
SG_012316,0.27928220396142045
SG_012321,0.2582098250278739
SG_012322,0.38211223022420976
SG_012326,0.31725209146587674
SG_012334,0.2664756014336127
SG_012336,0.3388675792166512
SG_012337,0.3687199713720508
SG_012339,0.38493705666692457
SG_012340,0.28569083982027127
SG_012345,0.2576069386264971
SG_012355,0.36395718277515715
SG_012362,0.34415351945916745
SG_012363,0.25570481464226513
SG_012368,0.3940549585885618
SG_012375,0.2851872698147984
SG_012378,0.23304743669271796
SG_012381,0.2385035529700649
SG_012384,0.2854420766177838
SG_012390,0.3760446126090955
SG_012393,0.3815403722615989
SG_012397,0.2553267032360575
SG_012400,0.34478978514919056
SG_012402,0.3834241816558637
SG_012410,0.41211190325094443
SG_012414,0.27986544959234166
SG_012419,0.3141823443617985
SG_012420,0.4512575907255436
SG_012422,0.400424885680661
SG_012423,0.32106060762925664
SG_012424,0.23894272292067836
SG_012427,0.32396672138296373
SG_012432,0.3715695563042457
SG_012436,0.35516609758912143
SG_012437,0.44425628126685957
SG_012438,0.40346701618890507
SG_012444,0.28814253753198443
SG_012446,0.15080195319928058
SG_012452,0.4553580848088763
SG_012453,0.24240569032123238
SG_012456,0.39754135651514355
SG_012459,0.2020282798028568
SG_012468,0.20515306132597388
SG_012470,0.34756483035595065
SG_012480,0.3106189080165223
SG_012484,0.30950314781571886
SG_012489,0.1723332578124302
SG_012493,0.3868709416924583
SG_012495,0.40400304496758266
SG_012499,0.3150049315660305
SG_012501,0.2633991573750152
SG_012502,0.24051163051303193
SG_012504,0.396045128145936
SG_012506,0.23483962090214658
SG_012509,0.3461143329107718
SG_012510,0.39051214378897026
SG_012513,0.3377943166330435
SG_012519,0.3648298564684272
SG_012520,0.3605858880606597
SG_012521,0.22364471204238665
SG_012525,0.3247324658340721
SG_012527,0.3103258899139011
SG_012531,0.29654593100648485
SG_012533,0.45672385299086027
SG_012538,0.25422731353593375
SG_012539,0.4074437086416993
SG_012548,0.3229035709388163
SG_012550,0.2915481070883861
SG_012552,0.28886099736584087
SG_012556,0.3240997423133918
SG_012561,0.42249790043578894
SG_012562,0.2143878036547472
SG_012563,0.31220217471832756
SG_012564,0.3981457443422184
SG_012567,0.21227789138919895
SG_012568,0.4225700175644639
SG_012571,0.38538206230792915
SG_012575,0.18990769527776785
SG_012579,0.36843637259380263
SG_012588,0.3188475480772186
SG_012591,0.3340949371631558
SG_012594,0.40378886313492307
SG_012596,0.4219456551451794
SG_012600,0.3832278934456523
SG_012601,0.25205875931031824
SG_012603,0.27141247730250373
SG_012606,0.2544187088568636
SG_012609,0.3444676583781432
SG_012610,0.2534504375024951
SG_012615,0.3262134278281272
SG_012616,0.3576642596322135
SG_012619,0.34606309728883966
SG_012623,0.4447968657062359
SG_012628,0.3194808714550277
SG_012630,0.45808194341572733
SG_012632,0.33686734210247893
SG_012636,0.40790013013849813
SG_012640,0.2020690400014456
SG_012643,0.4017481948694442
SG_012648,0.45646713030462127
SG_012651,0.19858479485843578
SG_012654,0.3411482240539402
SG_012660,0.42852547454848133
SG_012661,0.41483108922466894
SG_012663,0.38979599396788434
SG_012669,0.2879289483612212
SG_012674,0.30637565508674797
SG_012680,0.2875757779087401
SG_012684,0.2620765312496339
SG_012688,0.3028272778981674
SG_012690,0.37189818457764506
SG_012697,0.33184926300408385
SG_012699,0.3800897430331184
SG_012701,0.18261360442648364
SG_012705,0.27517367179250624
SG_012709,0.377107382419297
SG_012710,0.4875675913938151
SG_012715,0.36737777170426467
SG_012716,0.3308804985731558
SG_012718,0.36411289623134985
SG_012723,0.2985329638872666
SG_012724,0.36457624760402474
SG_012730,0.32275970860840086
SG_012734,0.38336117902759614
SG_012736,0.30929983066171735
SG_012738,0.24262027427272725
SG_012747,0.3832192886983706
SG_012749,0.421574851297833
SG_012750,0.2729356642707219
SG_012753,0.32567898530724493
SG_012754,0.40479577613560125
SG_012757,0.30434710349741334
SG_012763,0.259359232107882
SG_012764,0.3399321346351084
SG_012767,0.42710282005695543
SG_012768,0.3069921475086721
SG_012773,0.33316623435784326
SG_012775,0.24126432112974602
SG_012777,0.3816602350508941
SG_012786,0.26653769887870316
SG_012787,0.3824099415973653
SG_012792,0.36941974914026726
SG_012797,0.3849225846489072
SG_012805,0.34314212954549544
SG_012808,0.3481561232798025
SG_012810,0.32009184750524267
SG_012819,0.4094213056927043
SG_012821,0.44950760196043615
SG_012822,0.3928371342801937
SG_012831,0.21613902953507053
SG_012844,0.42198167019164323
SG_012845,0.27762942139054153
SG_012848,0.23118172743915394
SG_012849,0.36364530084460206
SG_012851,0.43844586494512633
SG_012859,0.22431751418683432
SG_012861,0.3090075444075885
SG_012869,0.4210036900158178
SG_012870,0.29935325085232306
SG_012873,0.4697816099920096
SG_012874,0.3524950203527498
SG_012883,0.2632592412182697
SG_012886,0.3239875398323283
SG_012887,0.36564227072832667
SG_012888,0.3691599039093103
SG_012891,0.34249228910757834
SG_012898,0.3056994243367295
SG_012905,0.39572708983487437
SG_012910,0.35062896746762295
SG_012913,0.371688073548301
SG_012918,0.4336619748655247
SG_012919,0.32803283581776344
SG_012920,0.37244738439609665
SG_012923,0.309257220240725
SG_012924,0.2710926148175164
SG_012926,0.38140962957701363
SG_012936,0.39857001367699063
SG_012938,0.4253677933913763
SG_012940,0.3322531552071392
SG_012945,0.3026695490488729
SG_012949,0.3843031698566862
SG_012958,0.4034120741913657
SG_012962,0.423475623108672
SG_012967,0.29572225443091715
SG_012968,0.2454942108401987
SG_012970,0.35214343217638483
SG_012972,0.27001762513839245
SG_012978,0.30912030115707223
SG_012979,0.26671744575594025
SG_012980,0.3180247775344284
SG_012981,0.44672305428311865
SG_012983,0.32573791694040244
SG_012984,0.32444038934816677
SG_012989,0.3438173727286393
SG_012994,0.3197985649913825
SG_012997,0.32697191593466024
SG_013002,0.382999532074156
SG_013009,0.32294529500003105
SG_013017,0.20658941738030706
SG_013023,0.36168862141148217
SG_013028,0.2888018469672286
SG_013030,0.3658930576412282
SG_013033,0.3989975424415871
SG_013042,0.3019727385983644
SG_013043,0.34871439308165864
SG_013045,0.37271297637312145
SG_013063,0.36642413970184695
SG_013064,0.30414872239596363
SG_013065,0.2744537741189494
SG_013068,0.45066469255760455
SG_013070,0.3053215655281897
SG_013071,0.34112997330924744
SG_013072,0.37564312123635735
SG_013077,0.3362668471878509
SG_013080,0.46237573000515475
SG_013082,0.3912581776488969
SG_013083,0.29058009467823653
SG_013085,0.38006178677819286
SG_013086,0.3209907037863141
SG_013093,0.35474406564579775
SG_013094,0.3180703626829292
SG_013096,0.40257233818742244
SG_013104,0.44763797541088785
SG_013108,0.2895633755766513
SG_013111,0.31328617507765316
SG_013112,0.3186437377306172
SG_013115,0.3670073465077107
SG_013117,0.37785436549459706
SG_013125,0.29324378180938104
SG_013127,0.3176537620640197
SG_013135,0.38488315810969825
SG_013138,0.45900374264262495
SG_013139,0.26623437913664566
SG_013141,0.43495544727340407
SG_013149,0.3285545006033066
SG_013150,0.44625614713374717
SG_013157,0.4599952901490144
SG_013159,0.40717927315731706
SG_013166,0.38295632503087235
SG_013172,0.3578575718745022
SG_013177,0.37116303208564294
SG_013178,0.22542416455400044
SG_013187,0.37682375572422416
SG_013196,0.26778376211212696
SG_013201,0.4865793354665991
SG_013202,0.26199454947989465
SG_013212,0.2511416903882622
SG_013219,0.37230580462651275
SG_013222,0.26607155923131326
SG_013223,0.39010163667355297
SG_013224,0.4275561304386283
SG_013233,0.2894869577391841
SG_013237,0.28496044699836254
SG_013245,0.36781914324345966
SG_013249,0.2604024531085865
SG_013250,0.3006513544858602
SG_013260,0.3035421538949976
SG_013264,0.3586255905096408
SG_013266,0.36330073186899964
SG_013267,0.35803221678002695
SG_013269,0.21932277290795757
SG_013273,0.3589130303295659
SG_013276,0.27475067376069134
SG_013280,0.37034118870966015
SG_013281,0.38552850901978886
SG_013282,0.3060303399394351
SG_013288,0.3269941040655075
SG_013292,0.3684006395561745
SG_013294,0.3789587842237508
SG_013297,0.22298318408463694
SG_013304,0.2698009714150187
SG_013311,0.39202305687900507
SG_013313,0.37812021673760154
SG_013314,0.3280573450687012
SG_013315,0.28980018604651947
SG_013317,0.3627722962416186
SG_013321,0.3512745908691947
SG_013323,0.2965344771550888
SG_013327,0.3229719595757079
SG_013328,0.2719022086394024
SG_013332,0.2982866797260903
SG_013337,0.3519126593375567
SG_013338,0.38085132084317475
SG_013339,0.2402618045198104
SG_013340,0.3402845737080784
SG_013342,0.22813800928406247
SG_013344,0.24250747076519952
SG_013345,0.3809910648452255
SG_013347,0.31818311986756465
SG_013348,0.3384312128672697
SG_013356,0.40279916622571377
SG_013358,0.3372773482233927
SG_013359,0.3746516853442493
SG_013360,0.303415880779558
SG_013361,0.3702865418841355
SG_013362,0.3945667650916319
SG_013366,0.28454034756371405
SG_013371,0.37604200665136006
SG_013372,0.3955015971993586
SG_013374,0.43108166603472875
SG_013380,0.21671258843973776
SG_013383,0.40165334329086444
SG_013384,0.2634248841706885
SG_013391,0.3126505602050462
SG_013392,0.3692227469022617
SG_013393,0.33107189374833473
SG_013396,0.4739416360246542
SG_013400,0.24965699379050194
SG_013404,0.2953144440487232
SG_013412,0.3786556137728149
SG_013413,0.38286452406250443
SG_013414,0.30145037664451313
SG_013418,0.4449729410970449
SG_013420,0.2955494948348725
SG_013421,0.2944798518062731
SG_013424,0.4603521220640623
SG_013427,0.339329429932949
SG_013430,0.2543092188131443
SG_013435,0.39128285593024126
SG_013438,0.3616355955081938
SG_013440,0.39376033285716605
SG_013443,0.4738208436254715
SG_013444,0.38582309919570634
SG_013446,0.24702471220292754
SG_013447,0.3331141481348044
SG_013452,0.3550744046462513
SG_013454,0.39341045945407876
SG_013456,0.23936506985601746
SG_013462,0.3635826685165217
SG_013463,0.33546738104680013
SG_013464,0.27946312270313445
SG_013468,0.1722174522469923
SG_013472,0.3707439188354188
SG_013474,0.41779482810355417
SG_013477,0.20288062858960212
SG_013480,0.3392304702281518
SG_013485,0.37725612275683323
SG_013486,0.3639691677086925
SG_013487,0.3361501042266951
SG_013491,0.38334814004568574
SG_013495,0.33426496951655693
SG_013499,0.3214519988614648
SG_013504,0.4413115278720663
SG_013508,0.38113348637845124
SG_013509,0.2758806273607015
SG_013515,0.38402497711349526
SG_013523,0.24833482802793122
SG_013528,0.34905879182486793
SG_013538,0.38828017420505967
SG_013542,0.2947019311345715
SG_013543,0.31582979386686405
SG_013544,0.3986655161336361
SG_013545,0.4512656425444277
SG_013546,0.38007898586921557
SG_013548,0.4479699852770884
SG_013549,0.4681784218736147
SG_013552,0.46165459880752596
SG_013553,0.35505021850532636
SG_013554,0.38860096095485497
SG_013557,0.3175069359628573
SG_013558,0.22297488614990232
SG_013561,0.4742229803261637
SG_013563,0.29847928427059667
SG_013565,0.27614083978414644
SG_013567,0.2568786044689707
SG_013568,0.316990762442983
SG_013571,0.30522085966423285
SG_013574,0.37315106928386926
SG_013575,0.27487292497407007
SG_013578,0.44937612783937875
SG_013579,0.4240395060815399
SG_013580,0.39969604980774703
SG_013586,0.21336830307324367
SG_013588,0.3253007410898018
SG_013591,0.3729069364009393
SG_013598,0.4588407047987916
SG_013601,0.30353411631324034
SG_013602,0.4308051054857718
SG_013604,0.2599084882584978
SG_013608,0.4320360106496244
SG_013610,0.32012701208109395
SG_013612,0.370869211640051
SG_013613,0.3228144777676448
SG_013616,0.33774172048380435
SG_013619,0.36241625971805175
SG_013624,0.40398069567978
SG_013626,0.36704146245785063
SG_013628,0.305684386401635
SG_013629,0.26589875507259586
SG_013633,0.21632433801837458
SG_013635,0.20417349973257398
SG_013637,0.3852059074722505
SG_013638,0.3340227077673098
SG_013639,0.26968518216697496
SG_013641,0.3676529626838027
SG_013646,0.36189907430663115
SG_013653,0.32217624561628544
SG_013667,0.39084692884167777
SG_013668,0.3861228924894947
SG_013670,0.29813396262818015
SG_013675,0.35765442015819116
SG_013677,0.3793870503200304
SG_013678,0.4183521462011214
SG_013681,0.3100077002801912
SG_013682,0.39918298507730776
SG_013683,0.4442707865398626
SG_013684,0.360840363729684
SG_013685,0.29022464515497387
SG_013686,0.410947432343986
SG_013690,0.2978575674629281
SG_013695,0.2824071061225742
SG_013705,0.3687459259713261
SG_013706,0.3042648903491603
SG_013708,0.22934278303848896
SG_013711,0.2831223961483525
SG_013713,0.37487179888206906
SG_013715,0.3179495272713684
SG_013716,0.38732446410771404
SG_013726,0.39883147446604217
SG_013727,0.21229695260570297
SG_013728,0.3534015900022202
SG_013731,0.22755235549795333
SG_013733,0.22601870046174888
SG_013737,0.34548596306426316
SG_013740,0.29204362991013805
SG_013741,0.29789573956446175
SG_013744,0.26912969421882327
SG_013745,0.3587048727543972
SG_013746,0.26905945014784555
SG_013747,0.3719222252249343
SG_013749,0.37430331891582724
SG_013755,0.33498806433967354
SG_013759,0.28745890463974205
SG_013765,0.357547195812469
SG_013766,0.41532356556066674
SG_013769,0.2930998735894211
SG_013773,0.3897663074773378
SG_013785,0.2614992399356644
SG_013793,0.24752942227805713
SG_013800,0.28993295817172926
SG_013808,0.3716163803389569
SG_013815,0.4317194046936014
SG_013827,0.32755148975519605
SG_013840,0.2869406316324955
SG_013841,0.22693559515010597
SG_013842,0.3025334911807258
SG_013844,0.43293923390995515
SG_013845,0.3934293379343326
SG_013849,0.2865465537083431
SG_013850,0.33651875139218423
SG_013851,0.2654986728613026
SG_013853,0.41242299714755304
SG_013854,0.3474150757891405
SG_013855,0.3244863886857684
SG_013857,0.28364112586596657
SG_013860,0.4482123493091177
SG_013862,0.3714046254074474
SG_013867,0.40211121676394135
SG_013868,0.359832263320239
SG_013870,0.30540677093144675
SG_013883,0.3395051518636468
SG_013884,0.33327590523505607
SG_013885,0.35652158818209745
SG_013892,0.4566970024072302
SG_013896,0.24215370713801115
SG_013898,0.3964087754803867
SG_013901,0.423826824044981
SG_013905,0.37992422455603725
SG_013906,0.31205908093051915
SG_013907,0.37355038899809806
SG_013910,0.36021481186414017
SG_013912,0.35612062376927045
SG_013914,0.30551272363681187
SG_013919,0.3428707406585094
SG_013922,0.3320440316536454
SG_013943,0.35063965519885404
SG_013944,0.21108406041069427
SG_013946,0.39421439052281604
SG_013948,0.2575268793383334
SG_013949,0.30147181747094787
SG_013953,0.3582654423489283
SG_013962,0.40482210054600754
SG_013965,0.36886812453090767
SG_013969,0.40696778532888167
SG_013974,0.30985422828244147
SG_013978,0.3213665958233923
SG_013979,0.26859671417830555
SG_013980,0.38410751429452195
SG_013986,0.338812232133
SG_013997,0.33204972544783007
SG_014000,0.3641705774471035
SG_014004,0.20619455202835557
SG_014009,0.3445781778356953
SG_014010,0.3650237297945901
SG_014012,0.23659663241138912
SG_014014,0.3469813931933385
SG_014015,0.37566779235682424
SG_014016,0.3645552174207656
SG_014017,0.43375432001567826
SG_014018,0.16659989700204736
SG_014020,0.3468084364219499
SG_014021,0.27068045195612245
SG_014022,0.2691420841605407
SG_014023,0.3892000587154477
SG_014026,0.3823457272009434
SG_014030,0.380319347652029
SG_014031,0.36817662265472617
SG_014036,0.34356893445915343
SG_014037,0.2293290376891276
SG_014039,0.31617791439369297
SG_014045,0.27003073541657047
SG_014046,0.39605459538992605
SG_014047,0.41432545656698916
SG_014050,0.1686557396383907
SG_014053,0.3662555811005239
SG_014058,0.3920296236645477
SG_014059,0.379692064121197
SG_014062,0.2914686531766345
SG_014067,0.4353202742864676
SG_014072,0.23205919302852773
SG_014073,0.4015249123857364
SG_014075,0.384629861608466
SG_014081,0.40350196760908186
SG_014085,0.3311592270283924
SG_014088,0.33654793166609476
SG_014096,0.3677829245633579
SG_014099,0.39210651201472235
SG_014102,0.4285749343729875
SG_014105,0.3885238101225521
SG_014111,0.4299136475480291
SG_014113,0.39669918767763335
SG_014116,0.26108822359587297
SG_014122,0.42256527545908873
SG_014123,0.4103306339300442
SG_014124,0.3600712813596796
SG_014130,0.4313360311565951
SG_014132,0.3968467291300207
SG_014135,0.43460095726067083
SG_014136,0.3614865587592351
SG_014139,0.29270893397796166
SG_014140,0.2796963834718665
SG_014141,0.3017856419395024
SG_014146,0.3615465095178385
SG_014155,0.38095974788297815
SG_014157,0.26905775985115776
SG_014161,0.30304397815025363
SG_014162,0.3543259858762321
SG_014165,0.38499283103350596
SG_014167,0.3619725783854862
SG_014168,0.368650876078062
SG_014172,0.273064388887414
SG_014176,0.24248121453291677
SG_014177,0.41124346446556853
SG_014184,0.4446777741050618
SG_014186,0.36524247764542017
SG_014188,0.28234894092524593
SG_014190,0.2936333658630249
SG_014191,0.3438243776341695
SG_014192,0.1705939349278181
SG_014194,0.4103018012400469
SG_014196,0.39138708435701575
SG_014197,0.4516334163104029
SG_014205,0.36269008479789366
SG_014210,0.37872126659928473
SG_014217,0.29051559904057217
SG_014219,0.38199960447401005
SG_014223,0.33652305677194183
SG_014235,0.29204271163371504
SG_014237,0.39890761425785093
SG_014243,0.3019373919057229
SG_014248,0.4283377744900602
SG_014249,0.35036576070394293
SG_014259,0.4048767293492046
SG_014269,0.3908370334641365
SG_014270,0.4520755779080782
SG_014272,0.2066939018635093
SG_014277,0.32457886380636514
SG_014288,0.24707106577993815
SG_014290,0.331636184277058
SG_014292,0.36044319809506853
SG_014293,0.2946087874051867
SG_014295,0.3369495712820758
SG_014299,0.3175405717234432
SG_014308,0.3795888666836643
SG_014309,0.22270091315096874
SG_014311,0.45319643499738793
SG_014314,0.4360649618568726
SG_014319,0.21817998912637618
SG_014320,0.2353751705250075
SG_014321,0.4268470461145884
SG_014328,0.41233712842679143
SG_014334,0.31201758253949163
SG_014335,0.22956618223156594
SG_014339,0.3936126972176656
SG_014342,0.2517518986056001
SG_014343,0.5164242678932611
SG_014345,0.31464035358691395
SG_014363,0.3559100746280884
SG_014368,0.22784044972207212
SG_014370,0.18125039874199622
SG_014373,0.3419326293269263
SG_014375,0.3226684852122929
SG_014380,0.41001693136855216
SG_014383,0.4344707590738268
SG_014385,0.3736621899094046
SG_014386,0.32247206314534516
SG_014387,0.3364243595126454
SG_014389,0.36887394832740594
SG_014391,0.4091238223509376
SG_014394,0.45568064766085903
SG_014398,0.2347587869584704
SG_014402,0.34626060997246966
SG_014409,0.35644187668544997
SG_014411,0.4208355774307516
SG_014415,0.396400801246686
SG_014416,0.28271313365658574
SG_014418,0.27608080413605657
SG_014425,0.384168788777273
SG_014426,0.4118673982522355
SG_014431,0.3863126719364358
SG_014432,0.4420115094855342
SG_014446,0.34565434272133566
SG_014447,0.31190576062917674
SG_014457,0.26124985118565747
SG_014465,0.4060103689504608
SG_014466,0.2548418132739528
SG_014469,0.34963842439983017
SG_014474,0.32770580359948365
SG_014484,0.3157044994856802
SG_014486,0.15208208024355468
SG_014488,0.2882740635970348
SG_014491,0.3740905950862511
SG_014495,0.388268050692248
SG_014512,0.39692972127640835
SG_014514,0.35034228288714575
SG_014516,0.3789745399627259
SG_014519,0.30070989703879736
SG_014522,0.22856304108677372
SG_014529,0.39665190462472366
SG_014538,0.30387942632177734
SG_014544,0.4151174789869583
SG_014551,0.35753612100371357
SG_014552,0.2825710442701323
SG_014556,0.2829286742641668
SG_014562,0.28648474060726764
SG_014565,0.14216070418718293
SG_014566,0.3905959241244114
SG_014568,0.21861593821186992
SG_014569,0.15632044071165876
SG_014570,0.365905961847805
SG_014578,0.26009931025778443
SG_014579,0.4045628627822594
SG_014581,0.30949841592226307
SG_014582,0.3079861896125777
SG_014583,0.4019683644306934
SG_014587,0.41847672122469726
SG_014594,0.2966461628290511
SG_014596,0.38762208146050336
SG_014597,0.3014498281298429
SG_014607,0.37697326670754844
SG_014611,0.3253279296302894
SG_014616,0.3318527637686207
SG_014617,0.26318126498486194
SG_014618,0.44721510060320924
SG_014619,0.2987822140385681
SG_014621,0.40582444662436123
SG_014626,0.44953631220931256
SG_014634,0.2797120894837209
SG_014635,0.31591013430268367
SG_014636,0.38155872690136106
SG_014637,0.2637455873620387
SG_014640,0.32004525129015876
SG_014641,0.28225118034082397
SG_014645,0.35014406408760324
SG_014647,0.3044836991486535
SG_014653,0.3314643818162677
SG_014655,0.2905304263190035
SG_014656,0.4140399848362585
SG_014657,0.334772218591213
SG_014660,0.36922992290651635
SG_014667,0.2549063376831205
SG_014672,0.3828071741723925
SG_014677,0.3304062090871158
SG_014680,0.39998695864408895
SG_014681,0.2768510353141141
SG_014687,0.3055636785855159
SG_014690,0.4001408858551182
SG_014691,0.35988261673770117
SG_014700,0.4580517281992923
SG_014701,0.4168358312836585
SG_014702,0.3326956732129882
SG_014703,0.28830315609510543
SG_014712,0.4070557643014435
SG_014713,0.2684373314337258
SG_014718,0.28562409869763067
SG_014720,0.33310040266218577
SG_014723,0.297784799329628
SG_014729,0.4212264535062833
SG_014731,0.39588248101290835
SG_014733,0.33772784965627034
SG_014735,0.4149015549544143
SG_014742,0.18535152528694993
SG_014746,0.1608129180403548
SG_014748,0.21899273030401617
SG_014749,0.3077323381088559
SG_014753,0.3649421657697445
SG_014754,0.33694524833642925
SG_014757,0.34231338967333835
SG_014771,0.3322380585972691
SG_014774,0.3669203430004331
SG_014777,0.3225620179875791
SG_014778,0.4629078711208554
SG_014780,0.30843010960801986
SG_014787,0.34674932790679436
SG_014800,0.32153563151992287
SG_014801,0.4259916346310748
SG_014802,0.39545304693626904
SG_014803,0.36406306365800106
SG_014808,0.36680126820571624
SG_014812,0.24236011353824233
SG_014813,0.2736372927832338
SG_014815,0.3900921094239215
SG_014824,0.16051764104477323
SG_014825,0.43427229744674734
SG_014827,0.3164022917338609
SG_014830,0.1628231305673777
SG_014834,0.30663700637635133
SG_014839,0.4171325804900424
SG_014844,0.3684278066329573
SG_014865,0.335490044148556
SG_014866,0.2548764414032878
SG_014867,0.3762088142451539
SG_014871,0.40724934275226143
SG_014874,0.37437277343009523
SG_014875,0.3498177223973719
SG_014879,0.3118971602434999
SG_014880,0.28895029251615034
SG_014882,0.32066155300781296
SG_014885,0.3552805170573176
SG_014887,0.39825209555552177
SG_014894,0.35464416000016385
SG_014895,0.2421493340844315
SG_014898,0.3505358827259445
SG_014900,0.41306671158309427
SG_014906,0.4165095397801568
SG_014909,0.3503463145363337
SG_014914,0.3756309868177281
SG_014919,0.30564277385107624
SG_014921,0.29460797185831955
SG_014939,0.3816150524542576
SG_014940,0.34635574845559314
SG_014945,0.29352645465861993
SG_014946,0.27668887161627054
SG_014951,0.3826023946664142
SG_014953,0.4525255385905578
SG_014955,0.3863535667456833
SG_014959,0.37162469032839107
SG_014961,0.43531671382041015
SG_014964,0.4097091949424162
SG_014965,0.3460164333288255
SG_014966,0.3965639745075898
SG_014969,0.38346927116909535
SG_014972,0.3591914282778802
SG_014976,0.4217904666679376
SG_014979,0.2144603884964068
SG_014980,0.3417427454832331
SG_014984,0.39866142153888673
SG_014990,0.27401527701659717
SG_014998,0.29846494563692355
SG_014999,0.263281175381868
SG_015001,0.3977662319596801
SG_015002,0.4004185565366986
SG_015014,0.2847319010124102
SG_015015,0.28399525815906057
SG_015021,0.3772970473658852
SG_015026,0.40831100985981794
SG_015031,0.38878684181802037
SG_015036,0.32117752718662496
SG_015039,0.2993146849868058
SG_015042,0.2707816709784647
SG_015044,0.34618176827035885
SG_015046,0.3642064624056305
SG_015047,0.42398470985934533
SG_015050,0.24365664299915388
SG_015054,0.3767739437600244
SG_015066,0.3718878058957851
SG_015068,0.3758337337556911
SG_015071,0.30995971085525875
SG_015075,0.2657626311732482
SG_015076,0.27874325221188134
SG_015081,0.38445858832215923
SG_015082,0.36857711340734833
SG_015085,0.25694583250450503
SG_015093,0.42340660604285596
SG_015095,0.3708667992056349
SG_015099,0.25631707077411514
SG_015102,0.3353007543640848
SG_015103,0.3624164760785399
SG_015111,0.2536954451137593
SG_015112,0.2798434607095359
SG_015118,0.33577022302926807
SG_015125,0.3103550425575908
SG_015126,0.3082865388903615
SG_015127,0.3408537867860026
SG_015129,0.3310208935098536
SG_015134,0.3315023464659683
SG_015135,0.27862860152055624
SG_015137,0.34143605523803877
SG_015138,0.3675050884838168
SG_015144,0.4088915600099565
SG_015146,0.39403101952924874
SG_015152,0.41777650718167003
SG_015155,0.33684621648420165
SG_015158,0.39039681681408317
SG_015159,0.35867706548754275
SG_015161,0.4683107401588449
SG_015165,0.4381669152101218
SG_015167,0.3313837076102105
SG_015169,0.38920027077173386
SG_015176,0.3885746029645034
SG_015180,0.363350351877465
SG_015183,0.299640344353815
SG_015189,0.30370246778553506
SG_015190,0.2772015334336195
SG_015192,0.2985471905185539
SG_015195,0.2721388322547614
SG_015197,0.3337503578426999
SG_015201,0.37513385263101406
SG_015202,0.3456237337582342
SG_015214,0.31514817103410553
SG_015215,0.42909696035503786
SG_015217,0.28775567262132407
SG_015222,0.3078346427851398
SG_015224,0.34302440579538673
SG_015235,0.3130910651844828
SG_015239,0.2811110646328998
SG_015246,0.28427318356814324
SG_015251,0.3552774063322951
SG_015252,0.3720912181407994
SG_015256,0.41203279240882174
SG_015257,0.3516581828546552
SG_015261,0.3575289505870404
SG_015262,0.371860666936943
SG_015263,0.3735922010467305
SG_015269,0.3917599657645464
SG_015270,0.3182341075984053
SG_015272,0.4132721210755844
SG_015276,0.37273546277468966
SG_015277,0.30652505240870964
SG_015278,0.34010815783282156
SG_015279,0.3176838871640655
SG_015280,0.37019249446738833
SG_015283,0.25372220172638627
SG_015284,0.3979423770236882
SG_015289,0.3378103637234839
SG_015290,0.30962713531098296
SG_015294,0.3603107707371179
SG_015296,0.28740011730681336
SG_015297,0.4075680703147223
SG_015302,0.3209184013796272
SG_015304,0.3771581855049909
SG_015308,0.3468687941697677
SG_015309,0.279141941249224
SG_015312,0.3383761476563527
SG_015317,0.40786921137632065
SG_015322,0.33993771376858056
SG_015323,0.38992487848933666
SG_015326,0.3448488389601966
SG_015329,0.27230521713072114
SG_015337,0.38281177756685236
SG_015339,0.36808347504237837
SG_015340,0.3137623020061493
SG_015341,0.3972662998951906
SG_015346,0.27842897633324487
SG_015348,0.3186091768038136
SG_015349,0.4048739413413567
SG_015351,0.39799116627142067
SG_015355,0.3644970271313886
SG_015356,0.3719537220009496
SG_015360,0.36052216940184817
SG_015361,0.3604203358065184
SG_015362,0.40396137513335595
SG_015363,0.19777349921808118
SG_015369,0.3367752618811635
SG_015372,0.2703215878043113
SG_015375,0.27810218051141256
SG_015381,0.4511571507559039
SG_015382,0.283941032990574
SG_015383,0.3204719644234294
SG_015384,0.3440185491546471
SG_015388,0.3189554643925264
SG_015395,0.25494901514252954
SG_015397,0.41539651157818863
SG_015399,0.40080150063449127
SG_015400,0.40098320151606115
SG_015401,0.31450499792636033
SG_015402,0.41161274654520086
SG_015403,0.3700392500943626
SG_015406,0.37610778951337187
SG_015412,0.34720201179978905
SG_015421,0.35203353764590384
SG_015424,0.36431525855969293
SG_015425,0.3151442549376034
SG_015428,0.29678059219128416
SG_015430,0.3155310810956007
SG_015431,0.3411973499857137
SG_015439,0.28023934690470736
SG_015440,0.23764107894856895
SG_015446,0.43730245942882456
SG_015447,0.34518168437596286
SG_015448,0.3328614231019176
SG_015452,0.3609557569743706
SG_015454,0.4119132687088951
SG_015458,0.420696268969317
SG_015462,0.34289777295053847
SG_015463,0.4159052130738097
SG_015464,0.3894534722852286
SG_015466,0.31048063790166003
SG_015467,0.39023126332233693
SG_015470,0.2109188272153999
SG_015473,0.37835033179297506
SG_015479,0.25974578871341425
SG_015481,0.399089928322492
SG_015483,0.3893096400456595
SG_015492,0.42352786420996924
SG_015495,0.3209197347323106
SG_015498,0.37515690709500327
SG_015503,0.272192693727619
SG_015507,0.35518252387311594
SG_015512,0.3824204688024968
SG_015514,0.3912267552930056
SG_015517,0.41426124735380226
SG_015520,0.4648832348162305
SG_015524,0.3193126317844103
SG_015526,0.3850150785724752
SG_015527,0.27336530154254524
SG_015535,0.3343521518763994
SG_015537,0.43524542464951776
SG_015538,0.3419879551783176
SG_015540,0.4114760742807551
SG_015542,0.28756195210411173
SG_015543,0.3875639144171581
SG_015544,0.32055044850201864
SG_015546,0.3778105785948166
SG_015547,0.36347584862816984
SG_015550,0.27377636140878747
SG_015556,0.3541783712662005
SG_015558,0.35441470007430986
SG_015559,0.4059749659287115
SG_015560,0.2320710447702866
SG_015562,0.25587564328701545
SG_015565,0.3445044605712885
SG_015568,0.3506276850440543
SG_015572,0.18458503719387284
SG_015576,0.22949136285013988
SG_015578,0.14437552446405322
SG_015580,0.29835482621043646
SG_015582,0.3383634590523963
SG_015584,0.37551368799099416
SG_015585,0.37690055230362807
SG_015586,0.3248984724684694
SG_015587,0.3202597120395605
SG_015589,0.4136063506352017
SG_015590,0.2686317712496108
SG_015591,0.4241051863580272
SG_015593,0.3212941838523832
SG_015597,0.29281319693678604
SG_015598,0.3829194533624729
SG_015600,0.44345117658110406
SG_015606,0.31109004950668384
SG_015613,0.3722382529344608
SG_015615,0.42114038960939476
SG_015617,0.35775213054544036
SG_015619,0.33544185282370137
SG_015623,0.2971374305514916
SG_015627,0.2911511590996952
SG_015637,0.21132575238981652
SG_015641,0.3919453496150651
SG_015644,0.3566565990888502
SG_015649,0.23507107299771302
SG_015654,0.4562179807537117
SG_015655,0.38262995391465193
SG_015656,0.24501646010754538
SG_015659,0.3749917295481358
SG_015662,0.40415537977069016
SG_015664,0.2774439383860019
SG_015671,0.3994031558951815
SG_015675,0.2614442983907073
SG_015678,0.3009531890346222
SG_015680,0.288690507770838
SG_015681,0.26464776137465706
SG_015682,0.3602738622568237
SG_015684,0.23769199697594784
SG_015693,0.3456867232399805
SG_015708,0.39576618255201523
SG_015715,0.32593545852774164
SG_015716,0.3711530392383515
SG_015718,0.29476228166394985
SG_015721,0.34414142806031056
SG_015724,0.3721119514519793
SG_015726,0.4021273997954061
SG_015729,0.23837485168195438
SG_015730,0.36608572907704706
SG_015735,0.265938116186583
SG_015738,0.39135975496558195
SG_015743,0.29022124243264
SG_015744,0.3413599480190762
SG_015746,0.3145092061893289
SG_015756,0.37683509566269496
SG_015762,0.33910945471177134
SG_015763,0.34059971672647654
SG_015766,0.3300433331935078
SG_015769,0.3782223976317278
SG_015770,0.33569592946422494
SG_015772,0.29017505803405763
SG_015773,0.37864131434275605
SG_015780,0.29343611587229124
SG_015790,0.36518599789145617
SG_015797,0.339645064335925
SG_015806,0.18331761284296427
SG_015810,0.3726599187948064
SG_015815,0.26111421996316225
SG_015817,0.406540989853727
SG_015818,0.3568325523020349
SG_015819,0.3682739553262603
SG_015820,0.3487963199879387
SG_015827,0.47141300267915554
SG_015828,0.3380980837525483
SG_015829,0.37036172283725954
SG_015832,0.357850932103724
SG_015833,0.3838334679190748
SG_015834,0.32434489307543923
SG_015838,0.3960372890455183
SG_015840,0.3793988502460363
SG_015842,0.25538971075670347
SG_015845,0.2512120689697231
SG_015849,0.3636106679128617
SG_015857,0.31661409734956303
SG_015859,0.1255568308070149
SG_015860,0.4049832652762163
SG_015867,0.2929148910750368
SG_015873,0.34759622999584
SG_015878,0.403109041027735
SG_015879,0.19805147678761367
SG_015880,0.3594459024766236
SG_015881,0.2230264965089166
SG_015884,0.3025466571378129
SG_015885,0.24675692188253023
SG_015891,0.32213436717576016
SG_015893,0.2696073278797059
SG_015898,0.38906952363468683
SG_015900,0.3584442907024858
SG_015901,0.30849850533229173
SG_015907,0.37548775978291776
SG_015908,0.40082758873036545
SG_015910,0.36592078624982205
SG_015914,0.3812540214858673
SG_015917,0.43310849014562725
SG_015921,0.3450222028959909
SG_015922,0.3609393077003472
SG_015928,0.33586859593709867
SG_015939,0.40752146886864893
SG_015940,0.23311061789104093
SG_015942,0.37498854052531394
SG_015943,0.4087962970109376
SG_015947,0.30963830957336574
SG_015950,0.30508842008371573
SG_015951,0.41849121911035503
SG_015955,0.27751901358483594
SG_015964,0.4123155923211742
SG_015965,0.2663402647306084
SG_015972,0.25422735094132165
SG_015973,0.31157961179516536
SG_015975,0.2828253312648184
SG_015977,0.3854767328048547
SG_015978,0.3971974145543964
SG_015979,0.41545589612401407
SG_015980,0.27568813937705144
SG_015981,0.38079866353166314
SG_015985,0.4496436763392675
SG_015988,0.30115124136870897
SG_015989,0.31747125412123967
SG_015990,0.38943471293957055
SG_015998,0.3763536087724412
SG_015999,0.3027995649629624
SG_016002,0.39740329268323155
SG_016003,0.2904901972707201
SG_016004,0.397897661066968
SG_016008,0.4905014084203333
SG_016010,0.3944209568258143
SG_016013,0.39479500034889076
SG_016015,0.36611949237100105
SG_016020,0.26870593447045393
SG_016021,0.3139934826031627
SG_016022,0.3592693623074956
SG_016027,0.3351594308229022
SG_016028,0.2501400521029619
SG_016029,0.2692485741583069
SG_016030,0.4574537769039084
SG_016045,0.3126849681081957
SG_016048,0.3219484442276617
SG_016049,0.3124353074335908
SG_016054,0.5043391516330804
SG_016056,0.38084860326531134
SG_016060,0.31402127725479434
SG_016065,0.23745583513802104
SG_016081,0.27372061297581635
SG_016085,0.22216156842878063
SG_016089,0.34709890909278135
SG_016091,0.39101963605837303
SG_016092,0.36869237141801026
SG_016101,0.4764403289297081
SG_016102,0.4043075063632886
SG_016103,0.41135714764312414
SG_016108,0.2045713016564544
SG_016109,0.3771680554159228
SG_016111,0.39765468968896434
SG_016113,0.3468679735150218
SG_016114,0.38407358948653514
SG_016115,0.36260092463908766
SG_016116,0.32521513983641215
SG_016119,0.2953340524267667
SG_016124,0.21733659816487183
SG_016127,0.43524831904051486
SG_016132,0.4543808318265443
SG_016133,0.22340267086752164
SG_016134,0.4073882118312051
SG_016138,0.3035579554167252
SG_016140,0.37580613175455174
SG_016146,0.4238967414741732
SG_016147,0.33824626291064364
SG_016156,0.405343777296197
SG_016158,0.28464982726019084
SG_016159,0.3432779046957227
SG_016160,0.1504395630508707
SG_016161,0.20868013474316283
SG_016163,0.427090537541209
SG_016164,0.3207813257014915
SG_016165,0.29472715327558124
SG_016166,0.2195394901032867
SG_016171,0.3982332921607996
SG_016172,0.3488114203571193
SG_016174,0.34935970120193494
SG_016176,0.264331805850202
SG_016179,0.3763352285583966
SG_016181,0.31369619333693555
SG_016183,0.2708397130106064
SG_016185,0.41115175957216027
SG_016186,0.321395058432988
SG_016187,0.20288630225299126
SG_016188,0.39232178456307
SG_016190,0.2777975053306823
SG_016194,0.39104553793212066
SG_016195,0.30035717438848386
SG_016196,0.3930352056776227
SG_016197,0.37284199878577373
SG_016211,0.2870762378348838
SG_016214,0.3863969389228049
SG_016215,0.27772853460076374
SG_016219,0.282631991284879
SG_016221,0.3880943648097239
SG_016222,0.3245439984707287
SG_016224,0.3211594675250239
SG_016225,0.36644999798792216
SG_016233,0.3117436345648314
SG_016234,0.32450487971317826
SG_016235,0.33191947178150355
SG_016238,0.18502512858870104
SG_016242,0.39369151942222236
SG_016244,0.2523125741791775
SG_016245,0.2628352322833317
SG_016246,0.3898601461795103
SG_016249,0.3680247800110191
SG_016251,0.40476936966383303
SG_016252,0.41373007473290113
SG_016259,0.34908905546741453
SG_016262,0.32693119441882856
SG_016263,0.22893107309969707
SG_016268,0.3694659847260477
SG_016270,0.3002670574251516
SG_016272,0.46876901020783374
SG_016273,0.46049617895732387
SG_016275,0.3227394559806267
SG_016278,0.36375891163562213
SG_016282,0.38091712158717944
SG_016285,0.3571090474685058
SG_016289,0.3753384884349352
SG_016292,0.2915041221157786
SG_016297,0.25410736422163693
SG_016299,0.35270607831053846
SG_016310,0.35238112935640253
SG_016315,0.268872585529666
SG_016316,0.4307990775440805
SG_016318,0.33939443800985214
SG_016324,0.23915399531851148
SG_016326,0.3232336098036185
SG_016327,0.387852522561563
SG_016330,0.2347071755522094
SG_016331,0.410561136699558
SG_016332,0.1549669492501805
SG_016333,0.3150798218105119
SG_016334,0.4070512228299884
SG_016337,0.27702172403729974
SG_016341,0.34512957610430517
SG_016343,0.31183286831796786
SG_016345,0.4593586684755384
SG_016346,0.29775971843517257
SG_016349,0.34876636373065556
SG_016351,0.22805346686941946
SG_016352,0.14837631861492998
SG_016354,0.3439625327015903
SG_016363,0.35064150598728183
SG_016372,0.4544124696352054
SG_016375,0.3348696704324875
SG_016382,0.3081906823145118
SG_016384,0.3066773775516876
SG_016386,0.25663113318095654
SG_016389,0.36612393584176856
SG_016392,0.43703099442194837
SG_016393,0.36527553941970314
SG_016394,0.3451445910264383
SG_016401,0.3339934207747492
SG_016402,0.3105293474679003
SG_016405,0.3314997072569556
SG_016414,0.40021893101353734
SG_016421,0.23131207175400803
SG_016424,0.3223687810611049
SG_016425,0.3083807883320898
SG_016429,0.31041530119047434
SG_016431,0.3901224224883006
SG_016432,0.30811174897221005
SG_016435,0.41225647851465363
SG_016436,0.4097135652809381
SG_016443,0.3238237029102304
SG_016445,0.3974458910601296
SG_016450,0.4124465034273832
SG_016452,0.3669165471110627
SG_016456,0.3600378180978445
SG_016462,0.24969046414595458
SG_016463,0.35174820510502586
SG_016474,0.3106982755940053
SG_016482,0.2776722967663159
SG_016488,0.2964072703300183
SG_016502,0.3068723347627834
SG_016503,0.377345165456079
SG_016507,0.36829689274980215
SG_016508,0.2418906793407804
SG_016511,0.3070936067235769
SG_016512,0.3218713975130291
SG_016517,0.3573508067962563
SG_016518,0.34428689371389326
SG_016520,0.32327685692035973
SG_016522,0.4116875351636421
SG_016524,0.2567129785181205
SG_016526,0.3858945488279082
SG_016528,0.3549893077668238
SG_016529,0.37098381426852267
SG_016532,0.39081107539358273
SG_016535,0.31035666729950073
SG_016537,0.2631815413281023
SG_016539,0.32321848702418576
SG_016542,0.36260049745912737
SG_016545,0.2799862678432079
SG_016547,0.36297281489150357
SG_016548,0.25314888176852157
SG_016554,0.37663862581342067
SG_016562,0.4351647127223618
SG_016563,0.39104149967317275
SG_016566,0.29287015735072525
SG_016567,0.3686591715784946
SG_016580,0.33393890144982147
SG_016581,0.36672571097575457
SG_016585,0.3945943903315621
SG_016600,0.3472821321010857
SG_016603,0.35583278139859675
SG_016604,0.29802434537590494
SG_016606,0.34660949719023204
SG_016609,0.3599267780873331
SG_016612,0.3725138310129613
SG_016613,0.3345019944267876
SG_016614,0.35685516375419957
SG_016623,0.3522151889496413
SG_016625,0.389497968042682
SG_016632,0.3838467717760352
SG_016634,0.23714752178133083
SG_016637,0.389188453488957
SG_016641,0.399463939750439
SG_016646,0.31990499930875715
SG_016647,0.24578077217577926
SG_016660,0.26440317596882257
SG_016662,0.33386330746204207
SG_016670,0.3897099873772599
SG_016671,0.2774960072641637
SG_016673,0.32800618936866754
SG_016675,0.37240515329497426
SG_016685,0.3272280794768554
SG_016689,0.3706507013328395
SG_016690,0.3985431133908526
SG_016691,0.2962710528283508
SG_016692,0.37977482663199524
SG_016696,0.3349518534815828
SG_016698,0.1785368757977256
SG_016699,0.21636088218730803
SG_016703,0.3192785835786892
SG_016704,0.3694554001847325
SG_016705,0.36667351180944063
SG_016708,0.37423258800385434
SG_016710,0.3424757713300185
SG_016711,0.3406091999412242
SG_016714,0.36298598699370177
SG_016716,0.2652291137441901
SG_016719,0.22841656952127642
SG_016720,0.27607664150727695
SG_016721,0.30042156044009033
SG_016723,0.2134578743481128
SG_016732,0.43165682992606935
SG_016733,0.4743344078431767
SG_016736,0.25877697724679655
SG_016737,0.29881451363109673
SG_016738,0.29726035449875404
SG_016741,0.39936110066933805
SG_016745,0.39785098922934165
SG_016746,0.3754880469352074
SG_016752,0.3390169554872083
SG_016754,0.3232284575724875
SG_016758,0.36317982096386103
SG_016763,0.28822456786505357
SG_016765,0.386198520675454
SG_016769,0.3082069309510955
SG_016776,0.3394065685104944
SG_016778,0.37203494963963496
SG_016779,0.3347743816612079
SG_016780,0.3187919960207467
SG_016783,0.4514871460248379
SG_016785,0.3291210402803575
SG_016786,0.40605357111978724
SG_016792,0.3207649879295894
SG_016793,0.26971815691891854
SG_016794,0.4085612997822062
SG_016805,0.33613756280950235
SG_016807,0.30854360001645387
SG_016810,0.38259066123799734
SG_016813,0.3047334157367245
SG_016818,0.3547346790469794
SG_016819,0.2864101050883424
SG_016823,0.39726531260991294
SG_016827,0.3446325966188425
SG_016828,0.3728034734913709
SG_016832,0.33102546987115145
SG_016834,0.400893431637797
SG_016837,0.39774585586423605
SG_016840,0.3031509908696769
SG_016843,0.38285511505576136
SG_016847,0.339316501095017
SG_016849,0.39081595150709014
SG_016851,0.32792453682648665
SG_016857,0.28615486618185326
SG_016858,0.42538966646153503
SG_016859,0.29304741551751134
SG_016861,0.3432968085284669
SG_016863,0.25956213104005144
SG_016874,0.48358209150568887
SG_016877,0.28967068857159256
SG_016881,0.440292036624093
SG_016885,0.3734535336014567
SG_016887,0.4224759962625564
SG_016888,0.3659418008151775
SG_016891,0.3462285745144997
SG_016893,0.2643690916995552
SG_016895,0.3296867590211674
SG_016900,0.3496291200755338
SG_016902,0.2912900500676032
SG_016904,0.2865517529685163
SG_016909,0.3151832854603141
SG_016911,0.4655342743319162
SG_016924,0.21372051470615616
SG_016925,0.3149767069600644
SG_016928,0.3785239695216488
SG_016937,0.1846203570198523
SG_016939,0.3750440724235098
SG_016941,0.34126481773860173
SG_016944,0.37827404633127326
SG_016946,0.3109418405669455
SG_016951,0.3780168693716087
SG_016961,0.4538626442654373
SG_016963,0.3393673657445042
SG_016967,0.3377798106262697
SG_016968,0.41612301268698315
SG_016971,0.3859701124384653
SG_016973,0.3048282587635776
SG_016974,0.3424388105732067
SG_016975,0.402394845858746
SG_016976,0.29161434836996186
SG_016986,0.37571875803847865
SG_016989,0.3851968572152634
SG_016990,0.38456545888389143
SG_017003,0.3857936802486906
SG_017005,0.2299409697082769
SG_017006,0.22714759874447762
SG_017016,0.33417023139347013
SG_017018,0.32238821757672187
SG_017021,0.30201025376476487
SG_017026,0.3124781558110835
SG_017028,0.3425388665149792
SG_017040,0.3814272860130886
SG_017043,0.3052272991951732
SG_017044,0.44901338568101873
SG_017046,0.41927072642993385
SG_017048,0.271721742770768
SG_017049,0.3195340866743715
SG_017050,0.30125962202519296
SG_017055,0.43596913689370814
SG_017056,0.2784150904087818
SG_017062,0.29444046325931295
SG_017067,0.27813562534811553
SG_017070,0.30117049170664123
SG_017071,0.41075198363053866
SG_017076,0.33011887077081825
SG_017077,0.38333432142021595
SG_017079,0.25703708017820914
SG_017080,0.29968975575533635
SG_017085,0.35782278536479234
SG_017098,0.23602196313252655
SG_017103,0.3553600687952039
SG_017110,0.40360677254864297
SG_017111,0.4363904822572079
SG_017114,0.21540544013643667
SG_017116,0.4356131688468621
SG_017123,0.2449029327503819
SG_017124,0.43105785513957806
SG_017126,0.371401862910012
SG_017127,0.36367636755026506
SG_017130,0.1971241215712957
SG_017139,0.466447288663309
SG_017144,0.3779671362037881
SG_017145,0.3186596710947319
SG_017146,0.39739110625218654
SG_017154,0.3621130700755659
SG_017158,0.35938434424444976
SG_017170,0.38160752885523297
SG_017171,0.4326203051313303
SG_017172,0.26113864450820107
SG_017182,0.23634769505839576
SG_017187,0.30658305144188586
SG_017190,0.2903745103862061
SG_017192,0.3370815255327133
SG_017193,0.31870054665929526
SG_017195,0.3454483844442984
SG_017202,0.3547607571092767
SG_017206,0.3387269419730714
SG_017208,0.2961654507242197
SG_017213,0.34658678456918635
SG_017218,0.18725122119481757
SG_017220,0.38206430820321835
SG_017223,0.34859005724199477
SG_017224,0.4260101756234793
SG_017225,0.33333777767044204
SG_017227,0.3867360911651785
SG_017228,0.38430070638534
SG_017230,0.2689044287703584
SG_017232,0.34707318528668835
SG_017235,0.3643219995678249
SG_017239,0.40556131139781004
SG_017241,0.35928728170489665
SG_017245,0.3128586971905807
SG_017250,0.44965196545633934
SG_017254,0.30259435813116825
SG_017255,0.34956122345632834
SG_017266,0.31387674382026537
SG_017269,0.2954759548452564
SG_017272,0.37068544670642634
SG_017276,0.33499206579809515
SG_017279,0.2724072485921454
SG_017281,0.2676297568140282
SG_017287,0.325313218856508
SG_017288,0.28481252487661535
SG_017292,0.2976785352328855
SG_017294,0.4219100516570738
SG_017296,0.2204644162060678
SG_017303,0.29514500864050885
SG_017304,0.38341922637669956
SG_017309,0.4616485879910272
SG_017311,0.3426158765957942
SG_017316,0.1480465803695396
SG_017317,0.4491386048815843
SG_017318,0.3981825925215575
SG_017323,0.39531194821924953
SG_017328,0.38066134488689685
SG_017338,0.330696687098187
SG_017339,0.3386517616393925
SG_017347,0.4037650283258978
SG_017348,0.24236172393224092
SG_017349,0.2916628370547185
SG_017350,0.2754386467884555
SG_017354,0.3633143736180271
SG_017358,0.4343498322782166
SG_017360,0.2767693717874861
SG_017361,0.30272381768112666
SG_017364,0.3744467188009972
SG_017368,0.3062122992905721
SG_017373,0.31100405903240486
SG_017376,0.32778047764752827
SG_017383,0.3491219226403375
SG_017385,0.2966317387127373
SG_017391,0.3894295848172096
SG_017399,0.4499059206395075
SG_017402,0.14105280957542082
SG_017405,0.34068953865579976
SG_017406,0.38671962684968963
SG_017416,0.35359051723593654
SG_017419,0.3446713121422091
SG_017421,0.34189446172791826
SG_017423,0.4399637907153701
SG_017425,0.40124479707806837
SG_017428,0.30836930804641943
SG_017431,0.35145713037737536
SG_017432,0.4121664328340492
SG_017438,0.44043549522187075
SG_017439,0.24111821784666293
SG_017445,0.18717767042638506
SG_017448,0.2321298761125165
SG_017452,0.41094726466437226
SG_017454,0.3279488238295034
SG_017457,0.31221714233969045
SG_017458,0.41335688350461824
SG_017464,0.2603809662668792
SG_017465,0.24295736198826373
SG_017466,0.4266346216207724
SG_017467,0.4239832430695105
SG_017475,0.3161419253201348
SG_017479,0.3529491052869514
SG_017480,0.13676959321551613
SG_017481,0.40864910036746305
SG_017482,0.26990021128100494
SG_017484,0.34662169735637993
SG_017486,0.39452477439156797
SG_017501,0.24553586280429013
SG_017504,0.3655341902130683
SG_017507,0.4215242679433458
SG_017509,0.2776505610995718
SG_017513,0.2648741636436715
SG_017514,0.38527044106742026
SG_017516,0.2117639084239237
SG_017518,0.2744943279919385
SG_017521,0.4476715718560717
SG_017526,0.3308774884457281
SG_017529,0.23793248692480276
SG_017532,0.24985619366955575
SG_017535,0.3718291518468837
SG_017537,0.25552239900027207
SG_017538,0.38989807227048817
SG_017542,0.3420058900478283
SG_017545,0.411710567623201
SG_017549,0.3578238447558076
SG_017557,0.31719728989347307
SG_017559,0.3513416806898271
SG_017560,0.32363002309909983
SG_017562,0.3455292128665931
SG_017563,0.3879212843295147
SG_017565,0.2707893702973218
SG_017572,0.34494089561980457
SG_017575,0.4813901649175427
SG_017577,0.3676185688849713
SG_017578,0.19432319236876505
SG_017579,0.4542955528847973
SG_017580,0.33512952325368334
SG_017581,0.37049072420418594
SG_017589,0.3885793985392256
SG_017590,0.33362008688069034
SG_017594,0.34758984710278384
SG_017597,0.333884866806435
SG_017604,0.3398613948561481
SG_017605,0.37803079278719964
SG_017606,0.39004520842540147
SG_017607,0.35625766916605794
SG_017611,0.35528780804993076
SG_017615,0.2928203720540301
SG_017616,0.3016076068216783
SG_017617,0.4222619624766441
SG_017621,0.37288246355067767
SG_017622,0.3359494871777585
SG_017629,0.36326705026302264
SG_017630,0.25542354910206566
SG_017634,0.2944685074624123
SG_017639,0.36738927068763905
SG_017642,0.3187875402912178
SG_017646,0.43575325534881293
SG_017657,0.4287435556720126
SG_017658,0.3824290541141888
SG_017667,0.2622901974673766
SG_017673,0.310824879965822
SG_017674,0.2876192514598645
SG_017677,0.22742697082579988
SG_017679,0.2838432113168696
SG_017683,0.32931897508102115
SG_017687,0.21259273124814096
SG_017689,0.46212847470815777
SG_017691,0.27226739986719106
SG_017693,0.3751005924984574
SG_017696,0.3136693995204838
SG_017697,0.3025197570085937
SG_017702,0.2712605336926083
SG_017703,0.45793180099841757
SG_017709,0.23507270908988537
SG_017714,0.3460819535243501
SG_017715,0.4537671886454816
SG_017718,0.32432042725769494
SG_017719,0.3331925709612176
SG_017728,0.3805631140667381
SG_017729,0.36746219502014527
SG_017739,0.3233287676620864
SG_017743,0.278401494173834
SG_017745,0.22265191032887624
SG_017746,0.2210754748733007
SG_017749,0.43878334912754385
SG_017750,0.4142028537028072
SG_017754,0.24590516103717067
SG_017757,0.36285007241483236
SG_017760,0.4033874413927711
SG_017774,0.27269042956063927
SG_017775,0.22300990601176796
SG_017776,0.3305292044054567
SG_017777,0.29678354492845427
SG_017778,0.3854167992723568
SG_017781,0.30905904647789584
SG_017782,0.3935337880009078
SG_017789,0.3972416334575627
SG_017795,0.39436281081801966
SG_017798,0.44287625029345223
SG_017811,0.3676140497597823
SG_017817,0.271992385037577
SG_017819,0.38756269273735794
SG_017822,0.3960369156050449
SG_017827,0.29822173296645166
SG_017830,0.44893580040593856
SG_017832,0.28738020916521634
SG_017834,0.40389402364702864
SG_017838,0.37916325504120946
SG_017840,0.37589828312227497
SG_017847,0.3370330845264891
SG_017851,0.37395644405295625
SG_017855,0.42549545513693954
SG_017862,0.1751640577674639
SG_017865,0.37561919357056106
SG_017866,0.3367201155013525
SG_017867,0.35414917121385703
SG_017878,0.3377098482460109
SG_017879,0.22484067212100323
SG_017880,0.32787243818561324
SG_017881,0.2853492764094792
SG_017882,0.2775690871341535
SG_017886,0.2957835662047666
SG_017888,0.35134996853760425
SG_017889,0.3354099775713105
SG_017895,0.36180611764784004
SG_017900,0.3679642820103729
SG_017902,0.3868861113333174
SG_017907,0.38296648310236264
SG_017909,0.2864476302170545
SG_017910,0.32845541202502393
SG_017913,0.39090216216753376
SG_017914,0.3957473736841087
SG_017917,0.3887268283230869
SG_017918,0.4566976811831397
SG_017919,0.28870973159898844
SG_017920,0.39069138333057074
SG_017936,0.2710470087164334
SG_017938,0.37947589833737705
SG_017945,0.33072448587961256
SG_017947,0.36988216773307825
SG_017949,0.3367832612815418
SG_017956,0.40554479840381796
SG_017958,0.37314834825305965
SG_017960,0.3367307729391782
SG_017965,0.29140529756652783
SG_017971,0.40173041318801805
SG_017973,0.44328508832237107
SG_017978,0.41341373176011975
SG_017981,0.2929004331196514
SG_017985,0.35603804006119844
SG_017987,0.36117030620661694
SG_017991,0.3821553967002963
SG_017992,0.4210581724613609
SG_018002,0.3133790678560118
SG_018003,0.36284131231621375
SG_018005,0.27137329396719123
SG_018014,0.2807449442338126
SG_018015,0.3419295931627927
SG_018016,0.3815003450434611
SG_018017,0.40977578607375587
SG_018024,0.2811058148058404
SG_018028,0.38030739176028516
SG_018032,0.30978885176022614
SG_018033,0.39593519506645536
SG_018037,0.36253496701605903
SG_018040,0.36311252189585824
SG_018042,0.24605273655708204
SG_018046,0.2811129629320605
SG_018050,0.4251628457318846
SG_018055,0.4424617223138385
SG_018056,0.38779345797790055
SG_018061,0.3129217123748901
SG_018063,0.3308171385121429
SG_018064,0.3968195245265185
SG_018067,0.33877598259032315
SG_018072,0.3971860635840304
SG_018073,0.3821804506964097
SG_018074,0.4408223460596261
SG_018076,0.43182389216841377
SG_018080,0.3193779751896641
SG_018084,0.4302302883025117
SG_018088,0.42139773467125446
SG_018090,0.30320026923005067
SG_018092,0.3652953798274243
SG_018094,0.37237350088226795
SG_018096,0.29698387554488115
SG_018100,0.39428133722535624
SG_018109,0.37845724972028416
SG_018111,0.30600217122331863
SG_018120,0.3392711212537033
SG_018124,0.4796003341478949
SG_018125,0.3619007857861213
SG_018130,0.39655400682495584
SG_018132,0.4263609413090398
SG_018134,0.30429211998082795
SG_018140,0.3308827038083302
SG_018144,0.33594013898385877
SG_018146,0.42346875919129434
SG_018150,0.37004717922241714
SG_018154,0.5058019472348564
SG_018155,0.29452591919397325
SG_018160,0.16772450281924633
SG_018165,0.3794753239419504
SG_018166,0.36417737763113944
SG_018170,0.3186481837409629
SG_018174,0.38254014837683303
SG_018175,0.31106286027321356
SG_018178,0.30378584315037577
SG_018181,0.3650806820671476
SG_018186,0.3292741564050532
SG_018188,0.3005798819870766
SG_018195,0.2363886001953105
SG_018198,0.3830764656745239
SG_018201,0.24564477446284536
SG_018206,0.40083017848316993
SG_018208,0.3418519642145833
SG_018214,0.4881356279680076
SG_018215,0.44785065583403183
SG_018216,0.4423257710691746
SG_018221,0.4599747156935132
SG_018224,0.2883626302544775
SG_018228,0.36746396521693386
SG_018229,0.29894268856283085
SG_018238,0.33434834226040216
SG_018241,0.2274563682053985
SG_018246,0.35569854283417757
SG_018247,0.31844217051476165
SG_018252,0.44822055901551716
SG_018253,0.3285448973898978
SG_018259,0.42807779261681744
SG_018261,0.2802319815430599
SG_018263,0.3642573945307759
SG_018266,0.2955035650790523
SG_018269,0.3825898417969992
SG_018270,0.28150829742106254
SG_018276,0.3016312589133602
SG_018278,0.3283361609096226
SG_018281,0.3259802815991554
SG_018282,0.3876937926104277
SG_018284,0.2866130078562283
SG_018286,0.2431492302539653
SG_018287,0.32629010982361817
SG_018294,0.26255779367934384
SG_018297,0.3372156622506126
SG_018303,0.4045237008007717
SG_018305,0.3121525421445477
SG_018307,0.293058747399901
SG_018312,0.3695857086167034
SG_018316,0.3354722801094694
SG_018321,0.37177142011858094
SG_018322,0.34984142915327476
SG_018325,0.24143123356648452
SG_018327,0.2531620405256942
SG_018330,0.2949790422215115
SG_018334,0.2636599350335549
SG_018336,0.4074776593307481
SG_018338,0.37792897057449326
SG_018341,0.32019902691017965
SG_018342,0.3450319210750399
SG_018347,0.3493157706197213
SG_018348,0.3828252499140782
SG_018351,0.36789868576841295
SG_018360,0.45863472320966236
SG_018361,0.37606380219308894
SG_018364,0.38891622033408524
SG_018366,0.3674522598861173
SG_018368,0.35759053999990986
SG_018372,0.4138060643125201
SG_018379,0.30543937451231595
SG_018381,0.38642514924288135
SG_018386,0.2860239022462448
SG_018387,0.42526829088247065
SG_018388,0.38993229793682443
SG_018394,0.4342577723938652
SG_018407,0.25740507028531623
SG_018410,0.3574587252163452
SG_018411,0.34284988502393166
SG_018417,0.30201702078691745
SG_018418,0.3162695053651793
SG_018420,0.3975643650515118
SG_018422,0.3799688095399226
SG_018424,0.4314194635322348
SG_018426,0.2561008037951953
SG_018427,0.22806531181771897
SG_018430,0.3119468508101485
SG_018433,0.34804313480030546
SG_018434,0.42917843813005174
SG_018436,0.38990314330285475
SG_018441,0.368139681906244
SG_018442,0.32648542993000607
SG_018445,0.31994234543870925
SG_018448,0.36559071618341077
SG_018452,0.24155273897592744
SG_018455,0.32014140660169926
SG_018458,0.2740365024231957
SG_018462,0.4218983088298928
SG_018468,0.3344111416327331
SG_018469,0.2959315218096878
SG_018470,0.3787468556890694
SG_018471,0.2691863046549284
SG_018472,0.4488507505223366
SG_018474,0.1489338293419679
SG_018476,0.4191597580291545
SG_018481,0.39446990446973657
SG_018485,0.2785101184574795
SG_018487,0.4041942805679273
SG_018490,0.24881966648848572
SG_018491,0.27935841674898787
SG_018493,0.3675668296365562
SG_018494,0.3347798227916333
SG_018497,0.27035606811384866
SG_018501,0.2976214749174022
SG_018503,0.28795643379466124
SG_018505,0.3026406335018823
SG_018506,0.3860818194057586
SG_018510,0.34610406685811257
SG_018511,0.37176623795766617
SG_018514,0.4009521130129191
SG_018519,0.367791013822896
SG_018520,0.23759458672059547
SG_018524,0.356793468137572
SG_018525,0.187050908482102
SG_018526,0.30507251458670587
SG_018529,0.39910177778877665
SG_018531,0.35717432842298114
SG_018534,0.29359550175560484
SG_018536,0.25462067239395625
SG_018537,0.3300619543663197
SG_018543,0.3867677866580609
SG_018544,0.32364039100178305
SG_018547,0.32863721625694997
SG_018548,0.2822052576450847
SG_018549,0.417317015312904
SG_018553,0.30796336412618497
SG_018555,0.3708461050363997
SG_018558,0.32887719089837053
SG_018566,0.17968729358019023
SG_018568,0.26428607086838746
SG_018569,0.2195922261683063
SG_018573,0.3785736143236348
SG_018576,0.34232418658731173
SG_018579,0.3188269117348333
SG_018587,0.33505120440038194
SG_018591,0.308667677193517
SG_018594,0.30689473663823913
SG_018601,0.3315129963497858
SG_018603,0.3482137604723269
SG_018608,0.3423213089082703
SG_018611,0.291723079375328
SG_018612,0.32433996215249894
SG_018615,0.31024885634615385
SG_018617,0.3144714828584243
SG_018621,0.38152027066481065
SG_018623,0.43421451277150513
SG_018624,0.32498933564766613
SG_018631,0.2696053745188987
SG_018636,0.28199002414830654
SG_018637,0.3005783868202281
SG_018639,0.4596946205796839
SG_018644,0.28480274106597714
SG_018645,0.37805934823891346
SG_018647,0.3151427643949779
SG_018650,0.445004706971473
SG_018651,0.3012938643043006
SG_018662,0.3628735371582388
SG_018663,0.3421130606630292
SG_018664,0.4111148817145214
SG_018665,0.3407933537252884
SG_018670,0.37847653396474984
SG_018676,0.3494848320259202
SG_018677,0.23648306076896058
SG_018678,0.3257352956728494
SG_018680,0.3777978262017223
SG_018685,0.36009152401248923
SG_018686,0.38828540562545255
SG_018687,0.3724906345044922
SG_018688,0.3122458248393984
SG_018689,0.36539267507435436
SG_018693,0.3398863254615545
SG_018694,0.23492043549851407
SG_018697,0.389071046157002
SG_018703,0.3350087080375024
SG_018705,0.3753547862941519
SG_018709,0.28250159712592243
SG_018710,0.3843327395831594
SG_018711,0.4095619843092918
SG_018717,0.2728221265212224
SG_018721,0.3447694537817911
SG_018722,0.36333835613223725
SG_018731,0.3733389680135236
SG_018733,0.31249872773507764
SG_018738,0.2882559611855833
SG_018744,0.3370535510177964
SG_018745,0.3618956833690379
SG_018748,0.35524016492219374
SG_018756,0.4016129536212322
SG_018758,0.4175689607183479
SG_018761,0.3252016249384607
SG_018765,0.28826208508256534
SG_018766,0.4716246768081602
SG_018767,0.35357350731709863
SG_018768,0.36061889401214664
SG_018770,0.34863453668456784
SG_018779,0.35062881199775037
SG_018787,0.34924831590710115
SG_018788,0.4169096844010889
SG_018789,0.3574785691390904
SG_018791,0.31202424250267835
SG_018792,0.3944355833227848
SG_018793,0.2116965602076375
SG_018798,0.4057929210326052
SG_018799,0.3261042066729301
SG_018800,0.31604638117405337
SG_018803,0.2993297498762113
SG_018806,0.42097253493236486
SG_018809,0.22962225211562856
SG_018811,0.34697618250792117
SG_018817,0.26681611187930293
SG_018818,0.3528486334288927
SG_018821,0.22216097862159273
SG_018822,0.27484859423231406
SG_018823,0.33968954403070784
SG_018826,0.3797939127879696
SG_018831,0.24370558635886752
SG_018834,0.38260830663296214
SG_018837,0.389820315738573
SG_018838,0.40456703576252984
SG_018842,0.34558291991726525
SG_018843,0.372841707884575
SG_018847,0.3153726055187755
SG_018850,0.3320217519543782
SG_018852,0.3823629827830478
SG_018853,0.30866755502147203
SG_018859,0.464876152323435
SG_018861,0.2976225556279802
SG_018875,0.32945532977905767
SG_018883,0.27113671693190167
SG_018885,0.26445806823880563
SG_018889,0.35864127220987574
SG_018890,0.33810085692146546
SG_018894,0.4005437606881214
SG_018895,0.46116778259574337
SG_018899,0.2547818578784802
SG_018901,0.4064899971109986
SG_018902,0.38935806217840674
SG_018904,0.3916133086066663
SG_018905,0.4332121885677577
SG_018906,0.365876707778254
SG_018907,0.2992433246949069
SG_018908,0.23654941829780674
SG_018915,0.34345856299855304
SG_018918,0.2987250703297426
SG_018920,0.38076968090050556
SG_018924,0.369839702246334
SG_018928,0.30690988750989934
SG_018940,0.32081817702648946
SG_018941,0.338818370954979
SG_018942,0.3354930219943055
SG_018965,0.3701662316629376
SG_018966,0.23576430373110874
SG_018968,0.3741762397453648
SG_018970,0.3837870514808807
SG_018972,0.2239894240505742
SG_018978,0.29841636030475593
SG_018981,0.3098765126145965
SG_018984,0.24350909129752113
SG_018990,0.40181409233697674
SG_019006,0.2669207412036388
SG_019012,0.37654793654020813
SG_019014,0.37272343862724805
SG_019015,0.4133084057001736
SG_019016,0.39680385444842725
SG_019018,0.40660995659103094
SG_019019,0.24303734966573737
SG_019023,0.4021195530895946
SG_019028,0.4191484563523635
SG_019030,0.29939622503139496
SG_019036,0.3756162554586072
SG_019038,0.2771410748260042
SG_019039,0.3808746715075323
SG_019041,0.4270187135671125
SG_019042,0.3378628728551686
SG_019044,0.3792178320588109
SG_019051,0.3571896544242704
SG_019053,0.36328490194099783
SG_019054,0.3981152082647522
SG_019058,0.3977358991473052
SG_019069,0.3085913338947496
SG_019071,0.2717323081111021
SG_019082,0.3248700483060209
SG_019083,0.2895355033897471
SG_019084,0.3493684085323739
SG_019087,0.2341087977411032
SG_019092,0.29619782260966626
SG_019098,0.2915321761712374
SG_019102,0.45477794908635405
SG_019105,0.4055376180354575
SG_019106,0.35363808233386906
SG_019109,0.2895430558007822
SG_019115,0.3470216358727854
SG_019117,0.40358258066964675
SG_019119,0.3479928171019676
SG_019120,0.33795995370191945
SG_019131,0.3223461519981513
SG_019142,0.3831646628430302
SG_019146,0.3508484318055287
SG_019147,0.40219707719975073
SG_019149,0.2785245533291503
SG_019150,0.2682785965416607
SG_019162,0.3452686235008552
SG_019167,0.27177716231559856
SG_019169,0.29855047028517945
SG_019171,0.20906571852815423
SG_019176,0.3880753423879598
SG_019184,0.29142863838729427
SG_019187,0.35640265918588926
SG_019190,0.2441281970353767
SG_019197,0.3801489155029609
SG_019198,0.34295645637615896
SG_019201,0.2570468226744322
SG_019203,0.3556265505803236
SG_019204,0.3441169514146935
SG_019208,0.3145306172261199
SG_019209,0.3260634102927339
SG_019211,0.28801265401301
SG_019212,0.26808580222556627
SG_019217,0.37126546009253675
SG_019221,0.32752492547889384
SG_019222,0.42738918604280485
SG_019223,0.2974299713467476
SG_019225,0.30154293323175596
SG_019237,0.37216359533842713
SG_019244,0.3836803403251854
SG_019245,0.4230771387460024
SG_019246,0.2128329593208625
SG_019247,0.3421351162821714
SG_019248,0.32901630792452813
SG_019249,0.30370718173711997
SG_019251,0.28050050741221294
SG_019253,0.31510938516573894
SG_019254,0.22649849341966566
SG_019255,0.3488220068096998
SG_019259,0.2732493104081775
SG_019265,0.27758593736013715
SG_019266,0.3635262210116287
SG_019267,0.4207320930328508
SG_019270,0.2500270254569642
SG_019271,0.33354843776972876
SG_019272,0.4104937978103508
SG_019273,0.28669223198342997
SG_019274,0.30253130528233024
SG_019275,0.32965270411479086
SG_019276,0.3031771756365419
SG_019282,0.26123468574341935
SG_019286,0.30132016903337683
SG_019289,0.32500655825474295
SG_019295,0.4345311647852761
SG_019296,0.4035539110622194
SG_019298,0.19457567916486365
SG_019300,0.32229512126726334
SG_019302,0.38577604412759636
SG_019311,0.24360798779656856
SG_019314,0.33156158081822656
SG_019315,0.3602049981135624
SG_019316,0.3828083659872561
SG_019321,0.30768455443883713
SG_019325,0.4187408118547613
SG_019326,0.38202144662725673
SG_019328,0.210341373916335
SG_019330,0.3213944349153229
SG_019333,0.2991541691368894
SG_019336,0.3880312871645995
SG_019339,0.2770633152984726
SG_019346,0.32596932789073685
SG_019352,0.3096073472235631
SG_019358,0.41288963918136024
SG_019362,0.33515118982415315
SG_019368,0.28226556608145836
SG_019371,0.30137093634226697
SG_019373,0.4465618506568037
SG_019374,0.43735786482357863
SG_019375,0.3318223524198732
SG_019376,0.4391537627911818
SG_019386,0.36182866755683446
SG_019388,0.3738562613027423
SG_019394,0.384251644171291
SG_019398,0.2513971860840264
SG_019408,0.38221092275890145
SG_019411,0.2700596353336349
SG_019419,0.46246341188892726
SG_019421,0.34582334974488194
SG_019425,0.3979422803704775
SG_019427,0.38333406322136976
SG_019428,0.36611402427890727
SG_019431,0.3820565257750947
SG_019432,0.36813755243642005
SG_019433,0.31270340278946773
SG_019436,0.3726253056407322
SG_019437,0.3579886185676794
SG_019440,0.17377940143335258
SG_019442,0.38306399109844413
SG_019446,0.3923326657887466
SG_019447,0.29873879259904423
SG_019449,0.23771555653091284
SG_019452,0.2688427105350535
SG_019455,0.2735420670303178
SG_019456,0.3121805415663721
SG_019458,0.4074993598279875
SG_019466,0.3960141555759075
SG_019468,0.4830896221735682
SG_019470,0.3481477320063796
SG_019471,0.3711995914015827
SG_019473,0.27231735514345085
SG_019478,0.38754062124243627
SG_019485,0.42701428999361907
SG_019488,0.43376445085285487
SG_019489,0.2887389306907653
SG_019491,0.40399111178828107
SG_019496,0.39140586047422865
SG_019498,0.30553027614725814
SG_019510,0.4230958988001119
SG_019516,0.2511592825562632
SG_019519,0.28895664424816214
SG_019523,0.36597838334433697
SG_019527,0.3124671911563071
SG_019530,0.37719586836855334
SG_019532,0.2797667817947238
SG_019534,0.3785616955472577
SG_019540,0.32620927566594976
SG_019541,0.2764579836953322
SG_019543,0.3249195339889908
SG_019553,0.2842545907786792
SG_019558,0.32212689895324176
SG_019562,0.2613031812554472
SG_019563,0.40698212783969784
SG_019564,0.31554498608429643
SG_019567,0.23928082691077962
SG_019570,0.2909829512113269
SG_019577,0.2597979164387372
SG_019583,0.39999106297849774
SG_019585,0.37221666790347263
SG_019587,0.4066034817612387
SG_019588,0.1876920829969324
SG_019591,0.2817444715347398
SG_019593,0.35721072838220636
SG_019598,0.3133963796984774
SG_019599,0.31604054937924003
SG_019602,0.47773914721275623
SG_019609,0.36932411861860137
SG_019620,0.3879289817705651
SG_019621,0.18450931500656848
SG_019624,0.39362180550007303
SG_019625,0.36810431446339653
SG_019627,0.22506346414049558
SG_019635,0.35257828805213415
SG_019638,0.2803671518230431
SG_019639,0.24415226667137854
SG_019642,0.46278807357111823
SG_019645,0.38938461002100566
SG_019647,0.4638529510640745
SG_019648,0.30785057084700546
SG_019650,0.32194226503360335
SG_019652,0.3136001220608074
SG_019654,0.3564009614620316
SG_019657,0.3459467975465959
SG_019660,0.36211748233617663
SG_019661,0.2909552618908109
SG_019662,0.38657447270627276
SG_019665,0.25616415852124713
SG_019666,0.4032009097861813
SG_019667,0.4006982220583978
SG_019676,0.3430847535462805
SG_019679,0.4570634646417274
SG_019680,0.4368626387586525
SG_019683,0.430534542743082
SG_019689,0.3626207270345564
SG_019690,0.4324486129412274
SG_019691,0.2950234470183373
SG_019695,0.28731041630396303
SG_019698,0.34999885692905597
SG_019710,0.289849887104533
SG_019711,0.3632555723845094
SG_019716,0.29720586092757945
SG_019724,0.3102068565686138
SG_019727,0.41535306648488696
SG_019728,0.312194411489458
SG_019729,0.341764308038893
SG_019733,0.44226784810406505
SG_019738,0.3498227898094346
SG_019740,0.2813692933364874
SG_019746,0.2770940811978147
SG_019747,0.3339091961326495
SG_019750,0.3103369598620417
SG_019755,0.40381468864802605
SG_019756,0.3330138390776961
SG_019761,0.39771871060018615
SG_019764,0.24987970684181088
SG_019766,0.3234069414514976
SG_019767,0.31945154680620164
SG_019769,0.3059265062802512
SG_019779,0.2459299229211244
SG_019782,0.2871893295044943
SG_019783,0.3420942875274333
SG_019784,0.33510179952411023
SG_019791,0.3786707061222642
SG_019792,0.27752550744126825
SG_019793,0.4410136869693786
SG_019797,0.28540872302801495
SG_019800,0.43447973702797643
SG_019801,0.3261664533015553
SG_019802,0.2972752117675338
SG_019804,0.27487747114972383
SG_019807,0.3648946240891483
SG_019809,0.47006207111470977
SG_019811,0.3503959458940754
SG_019812,0.29513812611779344
SG_019819,0.26283719422649243
SG_019828,0.3444497127111331
SG_019830,0.29515099566138303
SG_019832,0.29569828505975176
SG_019835,0.2851025135627204
SG_019838,0.3375697249023292
SG_019839,0.28888859799510547
SG_019842,0.3882426319831367
SG_019846,0.3291767308749819
SG_019849,0.22308785916548418
SG_019851,0.35341351874677923
SG_019852,0.18590463280898456
SG_019853,0.3232388959791046
SG_019854,0.3454880834463086
SG_019857,0.3882984826549172
SG_019858,0.3464029970126645
SG_019859,0.47835681169179567
SG_019864,0.3611432990552683
SG_019865,0.3520740682044452
SG_019868,0.3767063639656595
SG_019869,0.37297941652108807
SG_019873,0.2079737393612559
SG_019878,0.35449732075868506
SG_019883,0.35461715746263794
SG_019887,0.34418080663024275
SG_019888,0.16789720532562613
SG_019895,0.38374432209400394
SG_019900,0.2917833743051452
SG_019903,0.32628789412917314
SG_019906,0.41448801562435195
SG_019909,0.25626730310484125
SG_019910,0.249710082476713
SG_019913,0.3756057498823281
SG_019914,0.35292551991423715
SG_019921,0.35121854427778343
SG_019923,0.39657114518500536
SG_019928,0.3933424194484655
SG_019930,0.4903398467067175
SG_019933,0.34934322222265296
SG_019939,0.32814300221958725
SG_019941,0.2906417618892235
SG_019944,0.2754937862307413
SG_019945,0.40020242842172077
SG_019947,0.3073167739186871
SG_019949,0.42269768530235563
SG_019950,0.3515566620679861
SG_019954,0.366129145083708
SG_019955,0.4202128102204058
SG_019960,0.24817420276158408
SG_019961,0.40209622343603835
SG_019966,0.3754758166050932
SG_019968,0.2988552449339592
SG_019970,0.2689002914795401
SG_019973,0.27893878858687315
SG_019974,0.40074840231010356
SG_019976,0.36964957906794743
SG_019978,0.307403833459863
SG_019980,0.29616260202955885
SG_019981,0.31955900352120314
SG_019983,0.4192624147104329
SG_019984,0.3872927683659512
SG_019985,0.23069628389069713
SG_019989,0.20691715408879774
SG_019994,0.3590166850664137
SG_019998,0.3687645413934094
SG_019999,0.4133035781389347
SG_020000,0.2503272026194033
